{"Mean":{"confidence_interval":{"confidence_level":0.95,"lower_bound":-0.14361197779423308,"upper_bound":-0.09920229124871508},"point_estimate":-0.12148570445655083,"standard_error":0.011280957687916312},"Median":{"confidence_interval":{"confidence_level":0.95,"lower_bound":-0.12176845646394796,"upper_bound":-0.09194814098526605},"point_estimate":-0.10564690175447089,"standard_error":0.007242994844781763}}