{"Mean":{"confidence_interval":{"confidence_level":0.95,"lower_bound":142959.29276578397,"upper_bound":151522.08581108144},"point_estimate":146915.08447573975,"standard_error":2191.3834111657927},"Median":{"confidence_interval":{"confidence_level":0.95,"lower_bound":138732.0265780731,"upper_bound":140016.91664617655},"point_estimate":139468.50823835116,"standard_error":354.35126127252655},"MedianAbsDev":{"confidence_interval":{"confidence_level":0.95,"lower_bound":2704.8726848857429,"upper_bound":5202.597880640256},"point_estimate":3601.566113967549,"standard_error":657.2291741074364},"Slope":{"confidence_interval":{"confidence_level":0.95,"lower_bound":143310.02776755146,"upper_bound":152700.71927469079},"point_estimate":147606.0554371002,"standard_error":2417.2150654790259},"StdDev":{"confidence_interval":{"confidence_level":0.95,"lower_bound":13624.088934990521,"upper_bound":28861.57137169065},"point_estimate":21990.012968858216,"standard_error":3877.5089737398259}}