{"Mean":{"confidence_interval":{"confidence_level":0.95,"lower_bound":378.12603488169978,"upper_bound":391.1599963293915},"point_estimate":384.09742539115407,"standard_error":3.3271271537882418},"Median":{"confidence_interval":{"confidence_level":0.95,"lower_bound":371.14180876322038,"upper_bound":375.21189612297408},"point_estimate":373.02453316248218,"standard_error":1.111285462648874},"MedianAbsDev":{"confidence_interval":{"confidence_level":0.95,"lower_bound":5.756719855597932,"upper_bound":11.300976725059576},"point_estimate":8.102127717386855,"standard_error":1.4092557734633938},"Slope":{"confidence_interval":{"confidence_level":0.95,"lower_bound":381.3477368088696,"upper_bound":407.63009095113997},"point_estimate":393.568899090411,"standard_error":6.71314007380192},"StdDev":{"confidence_interval":{"confidence_level":0.95,"lower_bound":20.200828161403206,"upper_bound":45.44793301462382},"point_estimate":33.4629336148169,"standard_error":6.554894683043769}}