{"Mean":{"confidence_interval":{"confidence_level":0.95,"lower_bound":7652040.439154136,"upper_bound":7719482.169285593},"point_estimate":7683369.834141091,"standard_error":17269.62279380307},"Median":{"confidence_interval":{"confidence_level":0.95,"lower_bound":7612615.384615385,"upper_bound":7661959.729381444},"point_estimate":7632712.918660287,"standard_error":10634.064229527248},"MedianAbsDev":{"confidence_interval":{"confidence_level":0.95,"lower_bound":72795.65870761872,"upper_bound":127000.61456687846},"point_estimate":98066.45472238738,"standard_error":13402.552113928385},"Slope":{"confidence_interval":{"confidence_level":0.95,"lower_bound":7601389.7989455829,"upper_bound":7632798.132797564},"point_estimate":7616286.1652135369,"standard_error":8007.839864461384},"StdDev":{"confidence_interval":{"confidence_level":0.95,"lower_bound":110609.86944916669,"upper_bound":231978.2023621936},"point_estimate":174107.95934688636,"standard_error":31283.040219864233}}