{"Mean":{"confidence_interval":{"confidence_level":0.95,"lower_bound":142.28410939527437,"upper_bound":145.94765148534166},"point_estimate":143.86624674149844,"standard_error":0.9422022221647726},"Median":{"confidence_interval":{"confidence_level":0.95,"lower_bound":141.42434175742836,"upper_bound":142.71305206020234},"point_estimate":142.0564693140563,"standard_error":0.34061450115717548},"MedianAbsDev":{"confidence_interval":{"confidence_level":0.95,"lower_bound":2.1798986943900018,"upper_bound":4.165547507455788},"point_estimate":2.8337173822476058,"standard_error":0.4912622113953232},"Slope":{"confidence_interval":{"confidence_level":0.95,"lower_bound":142.36661512428246,"upper_bound":144.8760648813558},"point_estimate":143.5434735360143,"standard_error":0.6415677454776666},"StdDev":{"confidence_interval":{"confidence_level":0.95,"lower_bound":4.088789568873335,"upper_bound":14.52155354670839},"point_estimate":9.457365338660566,"standard_error":2.9641080778789634}}