{"Mean":{"confidence_interval":{"confidence_level":0.95,"lower_bound":108.68190092452946,"upper_bound":113.57057727496701},"point_estimate":110.94452462657022,"standard_error":1.2503684360315326},"Median":{"confidence_interval":{"confidence_level":0.95,"lower_bound":105.82274662623959,"upper_bound":108.71359527993974},"point_estimate":107.1947620464933,"standard_error":0.7785656866957152},"MedianAbsDev":{"confidence_interval":{"confidence_level":0.95,"lower_bound":3.132735093120302,"upper_bound":5.711845078671341},"point_estimate":4.1727887930730189,"standard_error":0.6693785995271023},"Slope":{"confidence_interval":{"confidence_level":0.95,"lower_bound":108.75529952800862,"upper_bound":114.15854741278521},"point_estimate":111.25580975129226,"standard_error":1.38568222318767},"StdDev":{"confidence_interval":{"confidence_level":0.95,"lower_bound":7.765533008006568,"upper_bound":16.78809546340616},"point_estimate":12.595028148206128,"standard_error":2.3109573924303219}}