{"Mean":{"confidence_interval":{"confidence_level":0.95,"lower_bound":-0.06659998891851463,"upper_bound":-0.04469044631337149},"point_estimate":-0.05579700073835292,"standard_error":0.005576335424437689},"Median":{"confidence_interval":{"confidence_level":0.95,"lower_bound":-0.05906602505933822,"upper_bound":-0.036920779626371417},"point_estimate":-0.04946201290781049,"standard_error":0.005749632675414986}}