{"Mean":{"confidence_interval":{"confidence_level":0.95,"lower_bound":90.40797901747954,"upper_bound":93.29746651486922},"point_estimate":91.75619859324948,"standard_error":0.7375058656853235},"Median":{"confidence_interval":{"confidence_level":0.95,"lower_bound":88.53212598607085,"upper_bound":90.67183716211794},"point_estimate":89.54751152375343,"standard_error":0.5063414101255745},"MedianAbsDev":{"confidence_interval":{"confidence_level":0.95,"lower_bound":2.7788784888293418,"upper_bound":4.804463373254787},"point_estimate":3.757685972950028,"standard_error":0.5317954612747006},"Slope":{"confidence_interval":{"confidence_level":0.95,"lower_bound":88.1720811517505,"upper_bound":89.67936085515894},"point_estimate":88.83893669660961,"standard_error":0.38542228150132976},"StdDev":{"confidence_interval":{"confidence_level":0.95,"lower_bound":5.022795744757125,"upper_bound":9.786785528062538},"point_estimate":7.380821793238678,"standard_error":1.2501287103965103}}