{"Mean":{"confidence_interval":{"confidence_level":0.95,"lower_bound":713.7256267397366,"upper_bound":747.3672300406539},"point_estimate":729.3845300928929,"standard_error":8.602341977994274},"Median":{"confidence_interval":{"confidence_level":0.95,"lower_bound":696.2866798309631,"upper_bound":706.8570818917559},"point_estimate":700.2419331891908,"standard_error":3.0604613948903038},"MedianAbsDev":{"confidence_interval":{"confidence_level":0.95,"lower_bound":15.183109374279683,"upper_bound":26.19134574377041},"point_estimate":21.061188401461636,"standard_error":2.789660290302022},"Slope":{"confidence_interval":{"confidence_level":0.95,"lower_bound":710.6252745379885,"upper_bound":757.2194338886474},"point_estimate":730.4472844261453,"standard_error":12.102630656096828},"StdDev":{"confidence_interval":{"confidence_level":0.95,"lower_bound":57.01631846000982,"upper_bound":112.45403427927941},"point_estimate":86.95530538215248,"standard_error":14.163445257315246}}