{"Mean":{"confidence_interval":{"confidence_level":0.95,"lower_bound":53350.493214505404,"upper_bound":54793.16246346276},"point_estimate":54006.82470753856,"standard_error":372.18865988840448},"Median":{"confidence_interval":{"confidence_level":0.95,"lower_bound":52867.29036729036,"upper_bound":53475.563909774435},"point_estimate":53128.46331908832,"standard_error":171.91024777925865},"MedianAbsDev":{"confidence_interval":{"confidence_level":0.95,"lower_bound":906.8408335735603,"upper_bound":1739.608741045599},"point_estimate":1254.3266443979219,"standard_error":210.8463304679856},"Slope":{"confidence_interval":{"confidence_level":0.95,"lower_bound":53617.269114769406,"upper_bound":56964.311237461625},"point_estimate":55134.10275355894,"standard_error":860.5245548316798},"StdDev":{"confidence_interval":{"confidence_level":0.95,"lower_bound":1992.303420824919,"upper_bound":5228.028320557694},"point_estimate":3738.237598945913,"standard_error":838.3377533151588}}