{"Mean":{"confidence_interval":{"confidence_level":0.95,"lower_bound":5570.6613265521859,"upper_bound":5679.014775915889},"point_estimate":5621.0391810258229,"standard_error":27.638670528995733},"Median":{"confidence_interval":{"confidence_level":0.95,"lower_bound":5554.58089668616,"upper_bound":5622.145843172238},"point_estimate":5588.79081762377,"standard_error":15.44670151917614},"MedianAbsDev":{"confidence_interval":{"confidence_level":0.95,"lower_bound":120.46600124695837,"upper_bound":198.3757170253752},"point_estimate":167.2297833639179,"standard_error":19.338780580557967},"Slope":{"confidence_interval":{"confidence_level":0.95,"lower_bound":5592.224844026256,"upper_bound":5771.454276325714},"point_estimate":5662.975101909248,"standard_error":47.42055695794195},"StdDev":{"confidence_interval":{"confidence_level":0.95,"lower_bound":171.55416384659328,"upper_bound":392.6653972488136},"point_estimate":277.9807642951898,"standard_error":60.49638594815279}}