{"Mean":{"confidence_interval":{"confidence_level":0.95,"lower_bound":8.247720876406265,"upper_bound":8.848252520762719},"point_estimate":8.526182496379578,"standard_error":0.15435176279785205},"Median":{"confidence_interval":{"confidence_level":0.95,"lower_bound":7.931534087081273,"upper_bound":8.035774100623032},"point_estimate":7.973568108232608,"standard_error":0.024244720086183854},"MedianAbsDev":{"confidence_interval":{"confidence_level":0.95,"lower_bound":0.18630865564832559,"upper_bound":0.32857047836628258},"point_estimate":0.23515962241636785,"standard_error":0.03546234714650464},"Slope":{"confidence_interval":{"confidence_level":0.95,"lower_bound":8.124765005997661,"upper_bound":8.488578216311839},"point_estimate":8.290360509120348,"standard_error":0.09332200370843123},"StdDev":{"confidence_interval":{"confidence_level":0.95,"lower_bound":1.0061545423594936,"upper_bound":1.989279929384379},"point_estimate":1.5491475662315209,"standard_error":0.250452751793649}}