{"Mean":{"confidence_interval":{"confidence_level":0.95,"lower_bound":-0.07700835491100677,"upper_bound":-0.030389696546170937},"point_estimate":-0.05345228731629614,"standard_error":0.011869427678248449},"Median":{"confidence_interval":{"confidence_level":0.95,"lower_bound":-0.0682971944577031,"upper_bound":-0.03492949869430939},"point_estimate":-0.04813996140626087,"standard_error":0.00855460442051622}}