{"Mean":{"confidence_interval":{"confidence_level":0.95,"lower_bound":14766833.884848297,"upper_bound":14955603.850956576},"point_estimate":14857792.222898944,"standard_error":48386.88442857976},"Median":{"confidence_interval":{"confidence_level":0.95,"lower_bound":14644183.333333334,"upper_bound":14868656.71641791},"point_estimate":14790037.5,"standard_error":49645.406608388534},"MedianAbsDev":{"confidence_interval":{"confidence_level":0.95,"lower_bound":290552.52984166148,"upper_bound":471584.2390901161},"point_estimate":373349.2922847686,"standard_error":45816.19633052884},"Slope":{"confidence_interval":{"confidence_level":0.95,"lower_bound":14816826.796790723,"upper_bound":15029901.090604043},"point_estimate":14917155.00517216,"standard_error":54173.87532266998},"StdDev":{"confidence_interval":{"confidence_level":0.95,"lower_bound":372905.6664768158,"upper_bound":591852.9053797982},"point_estimate":485315.06686378878,"standard_error":56197.839149556814}}