{"Mean":{"confidence_interval":{"confidence_level":0.95,"lower_bound":-0.023240342291439028,"upper_bound":0.03453956585141769},"point_estimate":0.0038438009109682538,"standard_error":0.014723311171451049},"Median":{"confidence_interval":{"confidence_level":0.95,"lower_bound":-0.010857999991600975,"upper_bound":0.008688127070489493},"point_estimate":-0.0020125052541096757,"standard_error":0.00522974304029085}}