{"Mean":{"confidence_interval":{"confidence_level":0.95,"lower_bound":39.93663010400032,"upper_bound":40.65471355589725},"point_estimate":40.27355802696428,"standard_error":0.18340812781291664},"Median":{"confidence_interval":{"confidence_level":0.95,"lower_bound":39.62378567091682,"upper_bound":40.12268640930724},"point_estimate":39.849232370543848,"standard_error":0.13073251917466184},"MedianAbsDev":{"confidence_interval":{"confidence_level":0.95,"lower_bound":0.8149168817071986,"upper_bound":1.7125196200737212},"point_estimate":1.0999556963188784,"standard_error":0.22173922571067454},"Slope":{"confidence_interval":{"confidence_level":0.95,"lower_bound":39.94584293576771,"upper_bound":41.003940275179349},"point_estimate":40.39875067125014,"standard_error":0.27251454607397498},"StdDev":{"confidence_interval":{"confidence_level":0.95,"lower_bound":1.2477679155167434,"upper_bound":2.4939201642779857},"point_estimate":1.8380162212699392,"standard_error":0.34120797402182936}}