{"Mean":{"confidence_interval":{"confidence_level":0.95,"lower_bound":5651.22381047832,"upper_bound":5850.536882625194},"point_estimate":5742.493345623774,"standard_error":51.07728754690982},"Median":{"confidence_interval":{"confidence_level":0.95,"lower_bound":5536.814176063678,"upper_bound":5685.233841303206},"point_estimate":5604.213361645236,"standard_error":32.30817874564043},"MedianAbsDev":{"confidence_interval":{"confidence_level":0.95,"lower_bound":136.25947000762867,"upper_bound":241.89566566031733},"point_estimate":192.27824854036539,"standard_error":25.472028888199629},"Slope":{"confidence_interval":{"confidence_level":0.95,"lower_bound":5577.265363762982,"upper_bound":5712.414740714401},"point_estimate":5637.171209140584,"standard_error":34.42269410491214},"StdDev":{"confidence_interval":{"confidence_level":0.95,"lower_bound":302.7993906451615,"upper_bound":685.381478293604},"point_estimate":513.0956394630986,"standard_error":97.3486988463315}}