{"Mean":{"confidence_interval":{"confidence_level":0.95,"lower_bound":-0.05269993441793516,"upper_bound":0.010949974879583437},"point_estimate":-0.02358018374607529,"standard_error":0.016250916267651087},"Median":{"confidence_interval":{"confidence_level":0.95,"lower_bound":-0.04676187567918755,"upper_bound":-0.025305298486157147},"point_estimate":-0.034174878428678837,"standard_error":0.00551938910969355}}