{"Mean":{"confidence_interval":{"confidence_level":0.95,"lower_bound":73863.61321423209,"upper_bound":77690.48675269816},"point_estimate":75570.92889291453,"standard_error":982.0608270632516},"Median":{"confidence_interval":{"confidence_level":0.95,"lower_bound":72341.62895927602,"upper_bound":73348.58812074003},"point_estimate":72686.37841032207,"standard_error":256.8154434230727},"MedianAbsDev":{"confidence_interval":{"confidence_level":0.95,"lower_bound":1410.495505104232,"upper_bound":2634.740917079418},"point_estimate":1903.9451810657798,"standard_error":312.3627449790993},"Slope":{"confidence_interval":{"confidence_level":0.95,"lower_bound":73633.97835265797,"upper_bound":77289.7192696873},"point_estimate":75323.84194791466,"standard_error":938.8774697394723},"StdDev":{"confidence_interval":{"confidence_level":0.95,"lower_bound":4971.60284435509,"upper_bound":14387.183479492123},"point_estimate":9859.323859382223,"standard_error":2500.836877462771}}