{"Mean":{"confidence_interval":{"confidence_level":0.95,"lower_bound":142.14645719941999,"upper_bound":152.24581005811084},"point_estimate":146.85317059620699,"standard_error":2.5855809381656575},"Median":{"confidence_interval":{"confidence_level":0.95,"lower_bound":136.68773812923565,"upper_bound":139.02116045685339},"point_estimate":137.3575932684322,"standard_error":0.5797555886387711},"MedianAbsDev":{"confidence_interval":{"confidence_level":0.95,"lower_bound":3.5284717587350706,"upper_bound":7.205371096069454},"point_estimate":4.755908294325601,"standard_error":0.9307251550437584},"Slope":{"confidence_interval":{"confidence_level":0.95,"lower_bound":143.7305664225966,"upper_bound":155.86972676562824},"point_estimate":149.3050140886004,"standard_error":3.1063780168975487},"StdDev":{"confidence_interval":{"confidence_level":0.95,"lower_bound":17.176729995324004,"upper_bound":33.18652565272157},"point_estimate":25.94910289953373,"standard_error":4.081042455350377}}