{"Mean":{"confidence_interval":{"confidence_level":0.95,"lower_bound":7724268.998424539,"upper_bound":7791067.993572586},"point_estimate":7756296.401983892,"standard_error":17066.58740530524},"Median":{"confidence_interval":{"confidence_level":0.95,"lower_bound":7700001.228878648,"upper_bound":7750550.239234449},"point_estimate":7727021.428571429,"standard_error":15023.959821949982},"MedianAbsDev":{"confidence_interval":{"confidence_level":0.95,"lower_bound":108517.33261888685,"upper_bound":188046.37551627315},"point_estimate":148832.7895083255,"standard_error":20898.561816812784},"Slope":{"confidence_interval":{"confidence_level":0.95,"lower_bound":7697729.566950162,"upper_bound":7756649.485377579},"point_estimate":7726020.484705187,"standard_error":15038.573021228167},"StdDev":{"confidence_interval":{"confidence_level":0.95,"lower_bound":129400.64052055337,"upper_bound":214235.4082167309},"point_estimate":170870.38504145749,"standard_error":22212.23669222776}}