{"Mean":{"confidence_interval":{"confidence_level":0.95,"lower_bound":3271.5118101505279,"upper_bound":3415.587111664603},"point_estimate":3339.1475795565618,"standard_error":36.80912604167851},"Median":{"confidence_interval":{"confidence_level":0.95,"lower_bound":3184.924685823905,"upper_bound":3230.369398313649},"point_estimate":3199.0138926114539,"standard_error":10.297582463094097},"MedianAbsDev":{"confidence_interval":{"confidence_level":0.95,"lower_bound":68.10261963248502,"upper_bound":127.21322690789582},"point_estimate":96.52721391739206,"standard_error":15.940570765411639},"Slope":{"confidence_interval":{"confidence_level":0.95,"lower_bound":3312.9141140426229,"upper_bound":3513.1492831165558},"point_estimate":3406.7362466653864,"standard_error":51.1755312339275},"StdDev":{"confidence_interval":{"confidence_level":0.95,"lower_bound":257.4894997922002,"upper_bound":466.78168634340997},"point_estimate":369.56574041981329,"standard_error":53.514444983263249}}