{"Mean":{"confidence_interval":{"confidence_level":0.95,"lower_bound":43275.7529955133,"upper_bound":44927.384734252904},"point_estimate":43977.46500883249,"standard_error":427.0672254656698},"Median":{"confidence_interval":{"confidence_level":0.95,"lower_bound":42782.177274764676,"upper_bound":43209.28518791452},"point_estimate":42933.21256038647,"standard_error":106.45098157784418},"MedianAbsDev":{"confidence_interval":{"confidence_level":0.95,"lower_bound":632.2954599313169,"upper_bound":1041.245135693865},"point_estimate":767.985184853251,"standard_error":106.77035450258167},"Slope":{"confidence_interval":{"confidence_level":0.95,"lower_bound":42608.8680596555,"upper_bound":42938.9638294235},"point_estimate":42764.94998104613,"standard_error":84.3790815232839},"StdDev":{"confidence_interval":{"confidence_level":0.95,"lower_bound":1669.9033190864419,"upper_bound":6711.588005094409},"point_estimate":4307.270875601161,"standard_error":1450.4610959163168}}