{"Mean":{"confidence_interval":{"confidence_level":0.95,"lower_bound":41.67969694174045,"upper_bound":44.35327020901545},"point_estimate":42.88379109528186,"standard_error":0.6858047173465958},"Median":{"confidence_interval":{"confidence_level":0.95,"lower_bound":40.56365561619288,"upper_bound":41.33581183552675},"point_estimate":40.98479582278133,"standard_error":0.20598671587391363},"MedianAbsDev":{"confidence_interval":{"confidence_level":0.95,"lower_bound":1.227198917433485,"upper_bound":2.1153546907987827},"point_estimate":1.6506534899435519,"standard_error":0.22982091903905486},"Slope":{"confidence_interval":{"confidence_level":0.95,"lower_bound":41.37293398495087,"upper_bound":43.42933728149517},"point_estimate":42.32879259351693,"standard_error":0.5274160982421728},"StdDev":{"confidence_interval":{"confidence_level":0.95,"lower_bound":3.5166745637571434,"upper_bound":9.70157206337677},"point_estimate":6.91297476565418,"standard_error":1.580602739249593}}