{"Mean":{"confidence_interval":{"confidence_level":0.95,"lower_bound":503.677439915367,"upper_bound":536.5475928700159},"point_estimate":518.8533433962002,"standard_error":8.42060619113435},"Median":{"confidence_interval":{"confidence_level":0.95,"lower_bound":487.0493472272128,"upper_bound":493.0637544273908},"point_estimate":490.1429063360881,"standard_error":1.4766713781830796},"MedianAbsDev":{"confidence_interval":{"confidence_level":0.95,"lower_bound":11.113300422534163,"upper_bound":19.5731570308082},"point_estimate":15.618665551501742,"standard_error":2.1686045029316705},"Slope":{"confidence_interval":{"confidence_level":0.95,"lower_bound":499.5216351658667,"upper_bound":537.1737537177118},"point_estimate":515.9991289156053,"standard_error":9.68037796130673},"StdDev":{"confidence_interval":{"confidence_level":0.95,"lower_bound":54.18568367825149,"upper_bound":109.52206186535899},"point_estimate":84.57391233167879,"standard_error":14.188097207034869}}