{"Mean":{"confidence_interval":{"confidence_level":0.95,"lower_bound":7.571722228063722,"upper_bound":7.642922458694386},"point_estimate":7.607271114390663,"standard_error":0.018136216192644988},"Median":{"confidence_interval":{"confidence_level":0.95,"lower_bound":7.561004346088246,"upper_bound":7.642369625610979},"point_estimate":7.607556707688476,"standard_error":0.02598103944508513},"MedianAbsDev":{"confidence_interval":{"confidence_level":0.95,"lower_bound":0.12834026904730853,"upper_bound":0.20656216348780666},"point_estimate":0.17867803504301664,"standard_error":0.0214808486209098},"Slope":{"confidence_interval":{"confidence_level":0.95,"lower_bound":7.584093877123509,"upper_bound":7.6723795822060059},"point_estimate":7.627493081951931,"standard_error":0.02254439261010562},"StdDev":{"confidence_interval":{"confidence_level":0.95,"lower_bound":0.15586915771585997,"upper_bound":0.2046341711171641},"point_estimate":0.18193283562644967,"standard_error":0.012434656266304597}}