{"Mean":{"confidence_interval":{"confidence_level":0.95,"lower_bound":-0.08461872157463008,"upper_bound":-0.042632440973948918},"point_estimate":-0.06250822725376015,"standard_error":0.010733773327440709},"Median":{"confidence_interval":{"confidence_level":0.95,"lower_bound":-0.05022120991345247,"upper_bound":-0.03461287256917622},"point_estimate":-0.04271978318177694,"standard_error":0.0038917154122936486}}