{"Mean":{"confidence_interval":{"confidence_level":0.95,"lower_bound":-0.2447881987710733,"upper_bound":-0.2295431248656031},"point_estimate":-0.23691607341491095,"standard_error":0.003883029226394743},"Median":{"confidence_interval":{"confidence_level":0.95,"lower_bound":-0.23792096771314576,"upper_bound":-0.2265155759084325},"point_estimate":-0.2324795600727072,"standard_error":0.0028624568493903939}}