{"Mean":{"confidence_interval":{"confidence_level":0.95,"lower_bound":55188.44698712616,"upper_bound":55752.715385884316},"point_estimate":55460.597354666395,"standard_error":143.8229805865158},"Median":{"confidence_interval":{"confidence_level":0.95,"lower_bound":55037.749287749284,"upper_bound":55659.38069216758},"point_estimate":55272.664965021744,"standard_error":144.1294258759012},"MedianAbsDev":{"confidence_interval":{"confidence_level":0.95,"lower_bound":811.8269210212355,"upper_bound":1441.2558848076229},"point_estimate":991.9448197432604,"standard_error":172.7154070700705},"Slope":{"confidence_interval":{"confidence_level":0.95,"lower_bound":55100.72123361501,"upper_bound":55866.9952817561},"point_estimate":55441.84654286324,"standard_error":197.02057696671637},"StdDev":{"confidence_interval":{"confidence_level":0.95,"lower_bound":1143.6569025076888,"upper_bound":1727.488758649165},"point_estimate":1445.6381007749718,"standard_error":149.98632175653928}}