{"Mean":{"confidence_interval":{"confidence_level":0.95,"lower_bound":0.017744528876140747,"upper_bound":0.05723105524449835},"point_estimate":0.03851211784626174,"standard_error":0.01009174170010695},"Median":{"confidence_interval":{"confidence_level":0.95,"lower_bound":0.05664037902781147,"upper_bound":0.07094774651202895},"point_estimate":0.0617240682702449,"standard_error":0.0037696738210078867}}