{"Mean":{"confidence_interval":{"confidence_level":0.95,"lower_bound":41.00900188250643,"upper_bound":42.332854574500199},"point_estimate":41.622003977881579,"standard_error":0.33911889584296608},"Median":{"confidence_interval":{"confidence_level":0.95,"lower_bound":40.204655074643039,"upper_bound":41.600508451897777},"point_estimate":40.77842470008781,"standard_error":0.32709909062875378},"MedianAbsDev":{"confidence_interval":{"confidence_level":0.95,"lower_bound":1.532185104855259,"upper_bound":2.7252702249286195},"point_estimate":1.9728153698882563,"standard_error":0.29260971639081487},"Slope":{"confidence_interval":{"confidence_level":0.95,"lower_bound":41.24631087375287,"upper_bound":42.8076416960333},"point_estimate":41.98452129578561,"standard_error":0.39893930829289389},"StdDev":{"confidence_interval":{"confidence_level":0.95,"lower_bound":2.11342256237304,"upper_bound":4.656305599262979},"point_estimate":3.401386233094875,"standard_error":0.6704623812070573}}