{"Mean":{"confidence_interval":{"confidence_level":0.95,"lower_bound":41.07704336734053,"upper_bound":42.19051515287785},"point_estimate":41.58711003021734,"standard_error":0.2857494850400998},"Median":{"confidence_interval":{"confidence_level":0.95,"lower_bound":40.82080225760935,"upper_bound":41.80487804878049},"point_estimate":41.381038544347138,"standard_error":0.20377150570445996},"MedianAbsDev":{"confidence_interval":{"confidence_level":0.95,"lower_bound":1.3719788923522576,"upper_bound":2.248759593406777},"point_estimate":1.704854763738932,"standard_error":0.22646069398170252},"Slope":{"confidence_interval":{"confidence_level":0.95,"lower_bound":41.22562611390156,"upper_bound":41.944139139118259},"point_estimate":41.58602832252647,"standard_error":0.1837017136343375},"StdDev":{"confidence_interval":{"confidence_level":0.95,"lower_bound":1.6661499322611948,"upper_bound":4.097112586838619},"point_estimate":2.870169031463322,"standard_error":0.6588890706536278}}