{"Mean":{"confidence_interval":{"confidence_level":0.95,"lower_bound":10530209.14143524,"upper_bound":10626716.583015765},"point_estimate":10575540.682502175,"standard_error":24820.537581099597},"Median":{"confidence_interval":{"confidence_level":0.95,"lower_bound":10469559.523809525,"upper_bound":10514803.030303032},"point_estimate":10481790.591397848,"standard_error":11972.193505905374},"MedianAbsDev":{"confidence_interval":{"confidence_level":0.95,"lower_bound":60892.51254828474,"upper_bound":128368.44772100402},"point_estimate":90275.44145949134,"standard_error":16234.860849110477},"Slope":{"confidence_interval":{"confidence_level":0.95,"lower_bound":10551573.946217187,"upper_bound":10738927.351406726},"point_estimate":10642508.999556672,"standard_error":47832.45908874341},"StdDev":{"confidence_interval":{"confidence_level":0.95,"lower_bound":176852.73364712817,"upper_bound":312627.4514796516},"point_estimate":249386.88144394427,"standard_error":34852.538078338795}}