{"Mean":{"confidence_interval":{"confidence_level":0.95,"lower_bound":-0.0662423857251382,"upper_bound":-0.0218458166239385},"point_estimate":-0.043415070934872627,"standard_error":0.011364377953891534},"Median":{"confidence_interval":{"confidence_level":0.95,"lower_bound":-0.01669892936692552,"upper_bound":-0.00030219792596963835},"point_estimate":-0.006726485166886009,"standard_error":0.003844006266390065}}