{"Mean":{"confidence_interval":{"confidence_level":0.95,"lower_bound":936.8345614560493,"upper_bound":958.6020000230009},"point_estimate":947.1496990911261,"standard_error":5.551453409585045},"Median":{"confidence_interval":{"confidence_level":0.95,"lower_bound":920.3837976339748,"upper_bound":940.0900304514762},"point_estimate":928.2163619513017,"standard_error":5.000914200657589},"MedianAbsDev":{"confidence_interval":{"confidence_level":0.95,"lower_bound":20.633131015083106,"upper_bound":39.56827990323319},"point_estimate":28.57994304303011,"standard_error":4.870806554211142},"Slope":{"confidence_interval":{"confidence_level":0.95,"lower_bound":925.2499695341309,"upper_bound":941.1473590222782},"point_estimate":932.7640694297807,"standard_error":4.076243957289478},"StdDev":{"confidence_interval":{"confidence_level":0.95,"lower_bound":40.62914919059626,"upper_bound":69.2907427093174},"point_estimate":56.05115711657224,"standard_error":7.318916141132432}}