{"Mean":{"confidence_interval":{"confidence_level":0.95,"lower_bound":-0.11784139222154189,"upper_bound":-0.04921357210596417},"point_estimate":-0.08302607090421077,"standard_error":0.017508882592710958},"Median":{"confidence_interval":{"confidence_level":0.95,"lower_bound":-0.03135147808502681,"upper_bound":-0.0022986727428969679},"point_estimate":-0.01250841537882097,"standard_error":0.008604827193146358}}