{"Mean":{"confidence_interval":{"confidence_level":0.95,"lower_bound":753901.6981283904,"upper_bound":788805.9059139642},"point_estimate":770647.2955316263,"standard_error":8913.827242462827},"Median":{"confidence_interval":{"confidence_level":0.95,"lower_bound":732657.4074074074,"upper_bound":782468.75},"point_estimate":755871.6755319149,"standard_error":12516.45582896857},"MedianAbsDev":{"confidence_interval":{"confidence_level":0.95,"lower_bound":62413.304945211115,"upper_bound":100022.32258827338},"point_estimate":80011.1782137007,"standard_error":9729.715323021595},"Slope":{"confidence_interval":{"confidence_level":0.95,"lower_bound":713589.5339068092,"upper_bound":734506.0912946285},"point_estimate":723469.7236589331,"standard_error":5314.674395568892},"StdDev":{"confidence_interval":{"confidence_level":0.95,"lower_bound":66236.02397543937,"upper_bound":112464.36959862661},"point_estimate":89975.02836448016,"standard_error":11895.998678367076}}