{"Mean":{"confidence_interval":{"confidence_level":0.95,"lower_bound":-0.08556558537473189,"upper_bound":-0.024797442739706},"point_estimate":-0.05458868553745666,"standard_error":0.015524431868000727},"Median":{"confidence_interval":{"confidence_level":0.95,"lower_bound":-0.050733679271108059,"upper_bound":-0.03453916861519474},"point_estimate":-0.04369133259979441,"standard_error":0.004040892798800077}}