{"Mean":{"confidence_interval":{"confidence_level":0.95,"lower_bound":-0.06781747310674705,"upper_bound":-0.01586351645387783},"point_estimate":-0.041246249071599908,"standard_error":0.0132515398097267},"Median":{"confidence_interval":{"confidence_level":0.95,"lower_bound":-0.05047615651780979,"upper_bound":-0.017225274639962819},"point_estimate":-0.031448668013611017,"standard_error":0.00827660220555902}}