{"Mean":{"confidence_interval":{"confidence_level":0.95,"lower_bound":6.542112400537129,"upper_bound":6.75837503608703},"point_estimate":6.632081847516898,"standard_error":0.056052021192299707},"Median":{"confidence_interval":{"confidence_level":0.95,"lower_bound":6.44626210932537,"upper_bound":6.550494654887059},"point_estimate":6.4820859010799369,"standard_error":0.028743913819175575},"MedianAbsDev":{"confidence_interval":{"confidence_level":0.95,"lower_bound":0.11462754515874668,"upper_bound":0.2303926154798239},"point_estimate":0.1615522528718151,"standard_error":0.03094267363482917},"Slope":{"confidence_interval":{"confidence_level":0.95,"lower_bound":6.492084948155042,"upper_bound":6.724970778378721},"point_estimate":6.585998945353539,"standard_error":0.0605069121823131},"StdDev":{"confidence_interval":{"confidence_level":0.95,"lower_bound":0.238600884525745,"upper_bound":0.8860661545111548},"point_estimate":0.5626183947395901,"standard_error":0.2057451295136586}}