{"Mean":{"confidence_interval":{"confidence_level":0.95,"lower_bound":-0.3035435622843262,"upper_bound":-0.2759917524989479},"point_estimate":-0.28940691480494487,"standard_error":0.007031597629476831},"Median":{"confidence_interval":{"confidence_level":0.95,"lower_bound":-0.27590127395012289,"upper_bound":-0.26291830548124298},"point_estimate":-0.269084121004316,"standard_error":0.003413799680302059}}