{"Mean":{"confidence_interval":{"confidence_level":0.95,"lower_bound":29.982941408332406,"upper_bound":30.51882299842037},"point_estimate":30.22306617729298,"standard_error":0.13716275511097798},"Median":{"confidence_interval":{"confidence_level":0.95,"lower_bound":29.930998978715328,"upper_bound":30.383128478626387},"point_estimate":30.18904063755452,"standard_error":0.1139924501430335},"MedianAbsDev":{"confidence_interval":{"confidence_level":0.95,"lower_bound":0.5917733132107784,"upper_bound":0.9922061087426948},"point_estimate":0.8559038797917171,"standard_error":0.10162005371537439},"Slope":{"confidence_interval":{"confidence_level":0.95,"lower_bound":30.06266814635021,"upper_bound":30.385419899540286},"point_estimate":30.222499974370814,"standard_error":0.08243338294532536},"StdDev":{"confidence_interval":{"confidence_level":0.95,"lower_bound":0.779780462565382,"upper_bound":2.0390006070229655},"point_estimate":1.3786126253936555,"standard_error":0.3771796392076866}}