{"Mean":{"confidence_interval":{"confidence_level":0.95,"lower_bound":760344.6919817019,"upper_bound":775839.5501616096},"point_estimate":767794.889816143,"standard_error":3968.173861420362},"Median":{"confidence_interval":{"confidence_level":0.95,"lower_bound":749770.2083333333,"upper_bound":764422.4137931034},"point_estimate":758379.8642533936,"standard_error":3906.6267398160496},"MedianAbsDev":{"confidence_interval":{"confidence_level":0.95,"lower_bound":17433.880446882788,"upper_bound":32992.14465902752},"point_estimate":27386.36552364699,"standard_error":3819.4094755926478},"Slope":{"confidence_interval":{"confidence_level":0.95,"lower_bound":771860.3844652957,"upper_bound":799701.6510749488},"point_estimate":785407.2425003694,"standard_error":7115.253010900506},"StdDev":{"confidence_interval":{"confidence_level":0.95,"lower_bound":30183.47063210919,"upper_bound":48471.535935307285},"point_estimate":39659.017940611855,"standard_error":4685.504983196794}}