{"Mean":{"confidence_interval":{"confidence_level":0.95,"lower_bound":689.55774179323,"upper_bound":709.7516504128184},"point_estimate":698.4830855434515,"standard_error":5.194324863421837},"Median":{"confidence_interval":{"confidence_level":0.95,"lower_bound":685.7750311650298,"upper_bound":691.8805765932435},"point_estimate":689.4731526553087,"standard_error":1.5695888124870792},"MedianAbsDev":{"confidence_interval":{"confidence_level":0.95,"lower_bound":9.035401937491532,"upper_bound":16.716681109604339},"point_estimate":12.668556042411133,"standard_error":2.068448082125934},"Slope":{"confidence_interval":{"confidence_level":0.95,"lower_bound":692.1291974077992,"upper_bound":735.1516684884998},"point_estimate":710.0377519465193,"standard_error":11.273904413742367},"StdDev":{"confidence_interval":{"confidence_level":0.95,"lower_bound":24.52465542566435,"upper_bound":77.0504405091531},"point_estimate":51.91331570641626,"standard_error":14.105719546742592}}