{"Mean":{"confidence_interval":{"confidence_level":0.95,"lower_bound":-0.057422735718776939,"upper_bound":-0.020550635904978494},"point_estimate":-0.039175502396773368,"standard_error":0.009412932028474963},"Median":{"confidence_interval":{"confidence_level":0.95,"lower_bound":-0.05548179866043179,"upper_bound":-0.031728086036545779},"point_estimate":-0.041605765437213507,"standard_error":0.00588769488062729}}