{"Mean":{"confidence_interval":{"confidence_level":0.95,"lower_bound":0.00473374531113745,"upper_bound":0.03141610913947094},"point_estimate":0.01821092138802105,"standard_error":0.006820893646637261},"Median":{"confidence_interval":{"confidence_level":0.95,"lower_bound":-0.007543963764119033,"upper_bound":0.012599166893289216},"point_estimate":0.004296282658041273,"standard_error":0.005164598414194728}}