{"Mean":{"confidence_interval":{"confidence_level":0.95,"lower_bound":-0.06846591342576899,"upper_bound":-0.016315894531706646},"point_estimate":-0.04236646552608658,"standard_error":0.013282029006470808},"Median":{"confidence_interval":{"confidence_level":0.95,"lower_bound":-0.02618514935699323,"upper_bound":-0.008418811357840395},"point_estimate":-0.015378657037627974,"standard_error":0.004840875418261455}}