{"Mean":{"confidence_interval":{"confidence_level":0.95,"lower_bound":246961.44849510853,"upper_bound":256362.65419953923},"point_estimate":251308.58433350258,"standard_error":2405.9829265925707},"Median":{"confidence_interval":{"confidence_level":0.95,"lower_bound":241700.0,"upper_bound":245322.66112266115},"point_estimate":243060.29411764706,"standard_error":921.791218400081},"MedianAbsDev":{"confidence_interval":{"confidence_level":0.95,"lower_bound":5726.673834501431,"upper_bound":10133.535993898511},"point_estimate":7614.369987021705,"standard_error":1117.8890718826093},"Slope":{"confidence_interval":{"confidence_level":0.95,"lower_bound":250298.89800658357,"upper_bound":263198.76827832046},"point_estimate":256315.45973104775,"standard_error":3312.0221649075244},"StdDev":{"confidence_interval":{"confidence_level":0.95,"lower_bound":14786.278700342376,"upper_bound":32050.823307189712},"point_estimate":24106.66297344515,"standard_error":4408.335143392398}}