{"Mean":{"confidence_interval":{"confidence_level":0.95,"lower_bound":73.64170581194577,"upper_bound":76.03909882287128},"point_estimate":74.78604169737581,"standard_error":0.6124187905712049},"Median":{"confidence_interval":{"confidence_level":0.95,"lower_bound":71.94418157567267,"upper_bound":72.71644960451337},"point_estimate":72.35261134251843,"standard_error":0.1853456352837533},"MedianAbsDev":{"confidence_interval":{"confidence_level":0.95,"lower_bound":1.5549620497037234,"upper_bound":3.148172979507098},"point_estimate":2.120940509192458,"standard_error":0.3954251631257238},"Slope":{"confidence_interval":{"confidence_level":0.95,"lower_bound":73.54086653678081,"upper_bound":76.2198103246523},"point_estimate":74.76502129020402,"standard_error":0.6845454671209543},"StdDev":{"confidence_interval":{"confidence_level":0.95,"lower_bound":4.728383594283956,"upper_bound":7.38763519804674},"point_estimate":6.159730032536855,"standard_error":0.6777305101831327}}