{"Mean":{"confidence_interval":{"confidence_level":0.95,"lower_bound":37.12991920620116,"upper_bound":37.60289242146568},"point_estimate":37.36353755830036,"standard_error":0.12066193888378253},"Median":{"confidence_interval":{"confidence_level":0.95,"lower_bound":36.89794057299187,"upper_bound":37.568573969516297},"point_estimate":37.22226238771019,"standard_error":0.1822047259440218},"MedianAbsDev":{"confidence_interval":{"confidence_level":0.95,"lower_bound":0.8412114376847637,"upper_bound":1.3641450792595598},"point_estimate":1.0039992757802477,"standard_error":0.13734213847729724},"Slope":{"confidence_interval":{"confidence_level":0.95,"lower_bound":37.393395224848898,"upper_bound":37.88865035111421},"point_estimate":37.63772388708236,"standard_error":0.12652795463014217},"StdDev":{"confidence_interval":{"confidence_level":0.95,"lower_bound":1.0183543390618184,"upper_bound":1.4005561424964164},"point_estimate":1.216946945088678,"standard_error":0.09774433959230233}}