{"Mean":{"confidence_interval":{"confidence_level":0.95,"lower_bound":53503.900461271034,"upper_bound":55183.406908231664},"point_estimate":54290.512211984766,"standard_error":430.72767901990866},"Median":{"confidence_interval":{"confidence_level":0.95,"lower_bound":52408.53658536585,"upper_bound":53332.922824302135},"point_estimate":52919.72222222222,"standard_error":255.37344764796593},"MedianAbsDev":{"confidence_interval":{"confidence_level":0.95,"lower_bound":1165.987563554353,"upper_bound":2182.8579825997605},"point_estimate":1584.889247056387,"standard_error":259.2210595436925},"Slope":{"confidence_interval":{"confidence_level":0.95,"lower_bound":53522.54761023339,"upper_bound":55209.72273964534},"point_estimate":54299.415792325504,"standard_error":432.04462708787318},"StdDev":{"confidence_interval":{"confidence_level":0.95,"lower_bound":2995.1730387367299,"upper_bound":5428.674480346705},"point_estimate":4306.281713351339,"standard_error":622.6028057336965}}