{"Mean":{"confidence_interval":{"confidence_level":0.95,"lower_bound":25137240.100565897,"upper_bound":25353748.498593656},"point_estimate":25224968.809879885,"standard_error":56703.62210970992},"Median":{"confidence_interval":{"confidence_level":0.95,"lower_bound":25076356.777108436,"upper_bound":25136097.222222225},"point_estimate":25102443.892045455,"standard_error":15328.977245433987},"MedianAbsDev":{"confidence_interval":{"confidence_level":0.95,"lower_bound":93073.93758205469,"upper_bound":171166.76029378948},"point_estimate":126801.77864032364,"standard_error":19344.923374598067},"Slope":{"confidence_interval":{"confidence_level":0.95,"lower_bound":25081200.078737037,"upper_bound":25162331.368018256},"point_estimate":25117308.75129304,"standard_error":20709.26059636403},"StdDev":{"confidence_interval":{"confidence_level":0.95,"lower_bound":202479.31780063193,"upper_bound":920039.503158746},"point_estimate":571530.4622555168,"standard_error":230424.00798901238}}