{"Mean":{"confidence_interval":{"confidence_level":0.95,"lower_bound":-0.11102159071029917,"upper_bound":-0.04562535332870087},"point_estimate":-0.07715657582779312,"standard_error":0.016756650763459566},"Median":{"confidence_interval":{"confidence_level":0.95,"lower_bound":-0.02149702079941962,"upper_bound":-0.004184455205256121},"point_estimate":-0.012903774988824335,"standard_error":0.004325162649526428}}