{"Mean":{"confidence_interval":{"confidence_level":0.95,"lower_bound":120.50442078394956,"upper_bound":122.21305962729821},"point_estimate":121.29866804681255,"standard_error":0.4366164233691222},"Median":{"confidence_interval":{"confidence_level":0.95,"lower_bound":119.91594822631447,"upper_bound":121.14118035905746},"point_estimate":120.41585543202715,"standard_error":0.331569377573728},"MedianAbsDev":{"confidence_interval":{"confidence_level":0.95,"lower_bound":1.8693283782525264,"upper_bound":3.140699505356792},"point_estimate":2.4981528907068766,"standard_error":0.3196641474986317},"Slope":{"confidence_interval":{"confidence_level":0.95,"lower_bound":120.62925528377848,"upper_bound":122.26141260610268},"point_estimate":121.30696518330228,"standard_error":0.42195510012155459},"StdDev":{"confidence_interval":{"confidence_level":0.95,"lower_bound":2.8119719981239497,"upper_bound":5.947228784304},"point_estimate":4.3946696962504279,"standard_error":0.8225054179876259}}