{"Mean":{"confidence_interval":{"confidence_level":0.95,"lower_bound":9.56681951850429,"upper_bound":10.148274022774281},"point_estimate":9.829525889484787,"standard_error":0.14900351625256878},"Median":{"confidence_interval":{"confidence_level":0.95,"lower_bound":9.383989393618523,"upper_bound":9.472646910139226},"point_estimate":9.419418550482938,"standard_error":0.024016347126805845},"MedianAbsDev":{"confidence_interval":{"confidence_level":0.95,"lower_bound":0.15464941221999319,"upper_bound":0.36299303295951709},"point_estimate":0.21783476969921046,"standard_error":0.055528837083235128},"Slope":{"confidence_interval":{"confidence_level":0.95,"lower_bound":9.510750192888234,"upper_bound":9.943068171626182},"point_estimate":9.689051694644896,"standard_error":0.11228639207636744},"StdDev":{"confidence_interval":{"confidence_level":0.95,"lower_bound":0.7755973092190832,"upper_bound":2.0655159519945118},"point_estimate":1.4965961125973915,"standard_error":0.32664735222406296}}