{"Mean":{"confidence_interval":{"confidence_level":0.95,"lower_bound":26194746.51062345,"upper_bound":26439433.33761217},"point_estimate":26313296.39503911,"standard_error":62700.90392269738},"Median":{"confidence_interval":{"confidence_level":0.95,"lower_bound":26003872.256365234,"upper_bound":26208149.76689977},"point_estimate":26111150.438596496,"standard_error":56847.44711898326},"MedianAbsDev":{"confidence_interval":{"confidence_level":0.95,"lower_bound":287872.9657225691,"upper_bound":555264.4444813567},"point_estimate":441076.65143873027,"standard_error":71039.4858819773},"Slope":{"confidence_interval":{"confidence_level":0.95,"lower_bound":26345955.02627788,"upper_bound":26745061.305717566},"point_estimate":26543318.096645487,"standard_error":101752.25922066675},"StdDev":{"confidence_interval":{"confidence_level":0.95,"lower_bound":512586.8746114805,"upper_bound":725921.3103416481},"point_estimate":627799.440369368,"standard_error":54392.940116075486}}