{"Mean":{"confidence_interval":{"confidence_level":0.95,"lower_bound":1427951.510159603,"upper_bound":1513484.753048653},"point_estimate":1467943.52126048,"standard_error":21877.356320268842},"Median":{"confidence_interval":{"confidence_level":0.95,"lower_bound":1375813.6639676113,"upper_bound":1389320.0},"point_estimate":1378901.9886363638,"standard_error":3354.174145105116},"MedianAbsDev":{"confidence_interval":{"confidence_level":0.95,"lower_bound":22891.75851412962,"upper_bound":49605.77236042348},"point_estimate":31217.334304078562,"standard_error":6290.611025435366},"Slope":{"confidence_interval":{"confidence_level":0.95,"lower_bound":1429907.267365804,"upper_bound":1511045.8901145964},"point_estimate":1467887.7671050688,"standard_error":20713.608191446685},"StdDev":{"confidence_interval":{"confidence_level":0.95,"lower_bound":150484.1478402752,"upper_bound":278037.4176496339},"point_estimate":219845.50985198807,"standard_error":32633.81173781599}}