{"Mean":{"confidence_interval":{"confidence_level":0.95,"lower_bound":7.828460998137376,"upper_bound":7.907768385779861},"point_estimate":7.868331450076065,"standard_error":0.020258267781588136},"Median":{"confidence_interval":{"confidence_level":0.95,"lower_bound":7.8255656742210839,"upper_bound":7.928356956823162},"point_estimate":7.870678979505909,"standard_error":0.024794962086813596},"MedianAbsDev":{"confidence_interval":{"confidence_level":0.95,"lower_bound":0.1296492607361851,"upper_bound":0.21174009670817224},"point_estimate":0.17732096660100125,"standard_error":0.020392119049866106},"Slope":{"confidence_interval":{"confidence_level":0.95,"lower_bound":7.849370572135137,"upper_bound":7.9016772056245438},"point_estimate":7.875110723269388,"standard_error":0.013351280483228015},"StdDev":{"confidence_interval":{"confidence_level":0.95,"lower_bound":0.167353294473909,"upper_bound":0.23664921945441254},"point_estimate":0.2035923694467203,"standard_error":0.017670498200933614}}