{"Mean":{"confidence_interval":{"confidence_level":0.95,"lower_bound":10760.471770879294,"upper_bound":10986.443023174168},"point_estimate":10852.38252066965,"standard_error":59.12832171295989},"Median":{"confidence_interval":{"confidence_level":0.95,"lower_bound":10756.562278301408,"upper_bound":10881.090704647675},"point_estimate":10806.018428355812,"standard_error":30.097157954055225},"MedianAbsDev":{"confidence_interval":{"confidence_level":0.95,"lower_bound":186.66215442425895,"upper_bound":308.261081483794},"point_estimate":233.8166191948603,"standard_error":31.068893913197205},"Slope":{"confidence_interval":{"confidence_level":0.95,"lower_bound":10785.407322778254,"upper_bound":10862.23922227928},"point_estimate":10824.222345011918,"standard_error":19.630864298798149},"StdDev":{"confidence_interval":{"confidence_level":0.95,"lower_bound":221.91177081290733,"upper_bound":964.2930495203499},"point_estimate":596.1181272606029,"standard_error":243.9881937014407}}