{"Mean":{"confidence_interval":{"confidence_level":0.95,"lower_bound":27019.026173319482,"upper_bound":27591.153804150148},"point_estimate":27300.062674847002,"standard_error":145.84808138584456},"Median":{"confidence_interval":{"confidence_level":0.95,"lower_bound":26796.032167887235,"upper_bound":27330.889827195246},"point_estimate":27085.174781523096,"standard_error":142.0510957815451},"MedianAbsDev":{"confidence_interval":{"confidence_level":0.95,"lower_bound":844.7258277963799,"upper_bound":1598.1926931551566},"point_estimate":1190.210577840509,"standard_error":192.93855990661744},"Slope":{"confidence_interval":{"confidence_level":0.95,"lower_bound":27018.912146876264,"upper_bound":27682.824341659263},"point_estimate":27326.124000459746,"standard_error":169.66800531670448},"StdDev":{"confidence_interval":{"confidence_level":0.95,"lower_bound":1223.952241946688,"upper_bound":1683.736714451307},"point_estimate":1465.4460489920082,"standard_error":117.48551752409792}}