{"Mean":{"confidence_interval":{"confidence_level":0.95,"lower_bound":10249.52745214468,"upper_bound":10984.96096391704},"point_estimate":10596.366683611304,"standard_error":187.8438093452918},"Median":{"confidence_interval":{"confidence_level":0.95,"lower_bound":9644.65008675535,"upper_bound":9902.523402523402},"point_estimate":9730.680034251463,"standard_error":81.72792808381714},"MedianAbsDev":{"confidence_interval":{"confidence_level":0.95,"lower_bound":283.602522437576,"upper_bound":658.8441338910739},"point_estimate":399.36392028684397,"standard_error":102.45147079046584},"Slope":{"confidence_interval":{"confidence_level":0.95,"lower_bound":10461.343251964727,"upper_bound":11347.791511989652},"point_estimate":10874.491366473043,"standard_error":226.34358308720096},"StdDev":{"confidence_interval":{"confidence_level":0.95,"lower_bound":1351.5944197866148,"upper_bound":2369.4395355436597},"point_estimate":1894.804640547197,"standard_error":260.5357844421768}}