{"Mean":{"confidence_interval":{"confidence_level":0.95,"lower_bound":77867.63294305906,"upper_bound":81125.11805383455},"point_estimate":79430.45089478791,"standard_error":831.7451311233173},"Median":{"confidence_interval":{"confidence_level":0.95,"lower_bound":76802.38791423003,"upper_bound":78970.55264219444},"point_estimate":77720.07075922739,"standard_error":570.6912905363446},"MedianAbsDev":{"confidence_interval":{"confidence_level":0.95,"lower_bound":4245.64137705608,"upper_bound":7210.6132053193709},"point_estimate":6305.214295690583,"standard_error":762.8153462082324},"Slope":{"confidence_interval":{"confidence_level":0.95,"lower_bound":77082.75427602112,"upper_bound":79237.15125331599},"point_estimate":78100.89911123309,"standard_error":551.1015278450096},"StdDev":{"confidence_interval":{"confidence_level":0.95,"lower_bound":6254.951952651944,"upper_bound":10570.943189665497},"point_estimate":8354.813082546762,"standard_error":1124.9845223250396}}