{"Mean":{"confidence_interval":{"confidence_level":0.95,"lower_bound":47.009099265580108,"upper_bound":47.58270431320919},"point_estimate":47.28333764528992,"standard_error":0.14581160554265597},"Median":{"confidence_interval":{"confidence_level":0.95,"lower_bound":46.937161968332599,"upper_bound":47.33061392031607},"point_estimate":47.06830305075514,"standard_error":0.10606085095736179},"MedianAbsDev":{"confidence_interval":{"confidence_level":0.95,"lower_bound":0.6625847646548428,"upper_bound":1.171428379444095},"point_estimate":0.9118325326990067,"standard_error":0.13083687877491285},"Slope":{"confidence_interval":{"confidence_level":0.95,"lower_bound":46.939350080907889,"upper_bound":47.2385079148755},"point_estimate":47.08142988316759,"standard_error":0.07659371181717886},"StdDev":{"confidence_interval":{"confidence_level":0.95,"lower_bound":1.04388963410942,"upper_bound":1.923145864970732},"point_estimate":1.4642810254463088,"standard_error":0.23458392393526349}}