{"Mean":{"confidence_interval":{"confidence_level":0.95,"lower_bound":-0.17000684343856654,"upper_bound":-0.14539138037900796},"point_estimate":-0.1568649993019956,"standard_error":0.006288792823411496},"Median":{"confidence_interval":{"confidence_level":0.95,"lower_bound":-0.15717021750280336,"upper_bound":-0.14503963808139842},"point_estimate":-0.1523381088275988,"standard_error":0.003055217111559876}}