{"Mean":{"confidence_interval":{"confidence_level":0.95,"lower_bound":-0.13403816872710043,"upper_bound":-0.06763491666349227},"point_estimate":-0.10018730542984977,"standard_error":0.01696898652871117},"Median":{"confidence_interval":{"confidence_level":0.95,"lower_bound":-0.03452955445848452,"upper_bound":-0.020344760874622004},"point_estimate":-0.02707533563331499,"standard_error":0.0036618461210241755}}