{"Mean":{"confidence_interval":{"confidence_level":0.95,"lower_bound":-0.10254780233061532,"upper_bound":-0.043500415855409698},"point_estimate":-0.07192163646929684,"standard_error":0.015126381065074454},"Median":{"confidence_interval":{"confidence_level":0.95,"lower_bound":-0.0335341772829737,"upper_bound":-0.017797942617750807},"point_estimate":-0.025206065438246218,"standard_error":0.004197632097022473}}