{"Mean":{"confidence_interval":{"confidence_level":0.95,"lower_bound":63.966096919528848,"upper_bound":65.1374301484544},"point_estimate":64.53837972645874,"standard_error":0.2982887869704479},"Median":{"confidence_interval":{"confidence_level":0.95,"lower_bound":63.47443435274158,"upper_bound":64.73294679590768},"point_estimate":64.12413861801778,"standard_error":0.336527878158816},"MedianAbsDev":{"confidence_interval":{"confidence_level":0.95,"lower_bound":1.5925755036189196,"upper_bound":2.920933051720636},"point_estimate":2.1278654773185048,"standard_error":0.34066175791975908},"Slope":{"confidence_interval":{"confidence_level":0.95,"lower_bound":64.14667529538451,"upper_bound":65.01184101438436},"point_estimate":64.56585113795181,"standard_error":0.22107251177394447},"StdDev":{"confidence_interval":{"confidence_level":0.95,"lower_bound":2.385096621933674,"upper_bound":3.5530737027894174},"point_estimate":2.9968156799011886,"standard_error":0.29863636006379537}}