{"Mean":{"confidence_interval":{"confidence_level":0.95,"lower_bound":2345.8993195643286,"upper_bound":2447.051613071992},"point_estimate":2391.7535304383266,"standard_error":25.9805612079849},"Median":{"confidence_interval":{"confidence_level":0.95,"lower_bound":2313.58024691358,"upper_bound":2344.8056376449196},"point_estimate":2328.0629765438568,"standard_error":7.363316946649941},"MedianAbsDev":{"confidence_interval":{"confidence_level":0.95,"lower_bound":49.82166680314106,"upper_bound":86.21920010922045},"point_estimate":70.18676458912798,"standard_error":9.369783631478916},"Slope":{"confidence_interval":{"confidence_level":0.95,"lower_bound":2351.1430943155576,"upper_bound":2417.481396963843},"point_estimate":2381.6337399249725,"standard_error":16.95900132773337},"StdDev":{"confidence_interval":{"confidence_level":0.95,"lower_bound":139.6401236929595,"upper_bound":366.7153531651233},"point_estimate":261.90571728800446,"standard_error":58.53220351065323}}