{"Mean":{"confidence_interval":{"confidence_level":0.95,"lower_bound":-0.2566091813013041,"upper_bound":-0.16659765420259257},"point_estimate":-0.21218382284378013,"standard_error":0.023004893580126908},"Median":{"confidence_interval":{"confidence_level":0.95,"lower_bound":-0.08874185131220745,"upper_bound":-0.06242960896793426},"point_estimate":-0.0733677932529666,"standard_error":0.008497373226076527}}