{"Mean":{"confidence_interval":{"confidence_level":0.95,"lower_bound":7452112.65724015,"upper_bound":7550357.181496632},"point_estimate":7499363.875366849,"standard_error":25044.407561052336},"Median":{"confidence_interval":{"confidence_level":0.95,"lower_bound":7381705.882352941,"upper_bound":7485360.519480519},"point_estimate":7427530.445969125,"standard_error":27782.410255061102},"MedianAbsDev":{"confidence_interval":{"confidence_level":0.95,"lower_bound":139352.22844255714,"upper_bound":251257.8288271733},"point_estimate":177516.31593936435,"standard_error":30057.580707510187},"Slope":{"confidence_interval":{"confidence_level":0.95,"lower_bound":7388696.076384961,"upper_bound":7484906.209142611},"point_estimate":7432120.085710064,"standard_error":24531.95152426851},"StdDev":{"confidence_interval":{"confidence_level":0.95,"lower_bound":196550.32854344129,"upper_bound":301350.76891338246},"point_estimate":250959.00417377128,"standard_error":26847.901220363896}}