{"Mean":{"confidence_interval":{"confidence_level":0.95,"lower_bound":242961.76839688683,"upper_bound":248221.32470086797},"point_estimate":245381.54051865976,"standard_error":1344.1268664852058},"Median":{"confidence_interval":{"confidence_level":0.95,"lower_bound":241164.89361702128,"upper_bound":243657.9749103943},"point_estimate":241882.59534583064,"standard_error":600.2352858702062},"MedianAbsDev":{"confidence_interval":{"confidence_level":0.95,"lower_bound":4132.1327122665229,"upper_bound":7610.900489879509},"point_estimate":5725.784735339807,"standard_error":874.8747093267856},"Slope":{"confidence_interval":{"confidence_level":0.95,"lower_bound":244403.73065908958,"upper_bound":251465.05974418234},"point_estimate":247664.1281217674,"standard_error":1807.0661715161019},"StdDev":{"confidence_interval":{"confidence_level":0.95,"lower_bound":8076.867890117941,"upper_bound":17939.990717838107},"point_estimate":13487.534480223701,"standard_error":2514.928977703762}}