{"Mean":{"confidence_interval":{"confidence_level":0.95,"lower_bound":9606.872724764718,"upper_bound":9868.2243338071},"point_estimate":9716.591992010775,"standard_error":68.01997805300089},"Median":{"confidence_interval":{"confidence_level":0.95,"lower_bound":9563.44861642827,"upper_bound":9656.871747780839},"point_estimate":9608.964646464647,"standard_error":24.220974796711415},"MedianAbsDev":{"confidence_interval":{"confidence_level":0.95,"lower_bound":148.27547311070786,"upper_bound":275.66653418090189},"point_estimate":211.43530104398563,"standard_error":33.87566190276032},"Slope":{"confidence_interval":{"confidence_level":0.95,"lower_bound":9659.113649123594,"upper_bound":9932.347488512203},"point_estimate":9786.319318499014,"standard_error":70.18570898329203},"StdDev":{"confidence_interval":{"confidence_level":0.95,"lower_bound":272.72903716772796,"upper_bound":1080.9672258677584},"point_estimate":684.8674013416452,"standard_error":249.5076869453736}}