{"Mean":{"confidence_interval":{"confidence_level":0.95,"lower_bound":375.944718270459,"upper_bound":381.15066228151218},"point_estimate":378.3408747902183,"standard_error":1.33103271531509},"Median":{"confidence_interval":{"confidence_level":0.95,"lower_bound":376.443575888384,"upper_bound":379.5958812631942},"point_estimate":377.9728306093539,"standard_error":0.7805284191334885},"MedianAbsDev":{"confidence_interval":{"confidence_level":0.95,"lower_bound":5.50868628522504,"upper_bound":9.767385723623337},"point_estimate":7.655487656736754,"standard_error":1.0903451086846499},"Slope":{"confidence_interval":{"confidence_level":0.95,"lower_bound":377.71202113959466,"upper_bound":380.0556424262814},"point_estimate":378.8795830964229,"standard_error":0.5982427637198147},"StdDev":{"confidence_interval":{"confidence_level":0.95,"lower_bound":7.977653608727607,"upper_bound":19.468695631004115},"point_estimate":13.39651558992638,"standard_error":3.368289739847367}}