{"Mean":{"confidence_interval":{"confidence_level":0.95,"lower_bound":-0.04323537359230179,"upper_bound":0.010171805395858399},"point_estimate":-0.016097472729405095,"standard_error":0.013589843770332783},"Median":{"confidence_interval":{"confidence_level":0.95,"lower_bound":0.0017325066112805488,"upper_bound":0.026731105535785283},"point_estimate":0.014360906227355752,"standard_error":0.0057301763214431659}}