{"Mean":{"confidence_interval":{"confidence_level":0.95,"lower_bound":471.62426095499958,"upper_bound":485.92199175573566},"point_estimate":478.1477576823968,"standard_error":3.66514201042384},"Median":{"confidence_interval":{"confidence_level":0.95,"lower_bound":464.59576173092338,"upper_bound":474.67917325899699},"point_estimate":468.2606889967114,"standard_error":2.2505651289997794},"MedianAbsDev":{"confidence_interval":{"confidence_level":0.95,"lower_bound":13.533506172076552,"upper_bound":23.21580002858152},"point_estimate":17.95573789956692,"standard_error":2.5154846422936147},"Slope":{"confidence_interval":{"confidence_level":0.95,"lower_bound":467.4482991647781,"upper_bound":487.32835837225},"point_estimate":476.4077803397747,"standard_error":5.125807507694605},"StdDev":{"confidence_interval":{"confidence_level":0.95,"lower_bound":21.40111458324417,"upper_bound":50.23403065401141},"point_estimate":36.82639504272443,"standard_error":7.367378963848472}}