{"Mean":{"confidence_interval":{"confidence_level":0.95,"lower_bound":-0.17621675412212879,"upper_bound":-0.1350022201891569},"point_estimate":-0.15485765866144153,"standard_error":0.010492553342181865},"Median":{"confidence_interval":{"confidence_level":0.95,"lower_bound":-0.13760063548902677,"upper_bound":-0.10483688522598822},"point_estimate":-0.11591042960599529,"standard_error":0.008278182579121739}}