{"Mean":{"confidence_interval":{"confidence_level":0.95,"lower_bound":14552259.738582688,"upper_bound":14766938.380367892},"point_estimate":14656011.825188857,"standard_error":54965.161596534715},"Median":{"confidence_interval":{"confidence_level":0.95,"lower_bound":14381255.555555556,"upper_bound":14669348.837209303},"point_estimate":14474971.746031747,"standard_error":73612.19576245522},"MedianAbsDev":{"confidence_interval":{"confidence_level":0.95,"lower_bound":313224.3345930039,"upper_bound":529344.8380330801},"point_estimate":394119.39815762176,"standard_error":52351.29597524854},"Slope":{"confidence_interval":{"confidence_level":0.95,"lower_bound":14567274.573963477,"upper_bound":14865835.271992648},"point_estimate":14709891.538347865,"standard_error":76349.38955266071},"StdDev":{"confidence_interval":{"confidence_level":0.95,"lower_bound":450116.86011188986,"upper_bound":638092.9810033558},"point_estimate":552373.0776356493,"standard_error":48022.01913675935}}