{"Mean":{"confidence_interval":{"confidence_level":0.95,"lower_bound":92271.32116694575,"upper_bound":93401.7306261159},"point_estimate":92796.14338878944,"standard_error":288.64614973103189},"Median":{"confidence_interval":{"confidence_level":0.95,"lower_bound":92005.772005772,"upper_bound":92668.17755014939},"point_estimate":92315.67911255412,"standard_error":187.94255144052654},"MedianAbsDev":{"confidence_interval":{"confidence_level":0.95,"lower_bound":1195.6653937924589,"upper_bound":2122.222450361296},"point_estimate":1787.0162699850567,"standard_error":237.16600822313758},"Slope":{"confidence_interval":{"confidence_level":0.95,"lower_bound":92484.21065031091,"upper_bound":94081.85307362607},"point_estimate":93130.60816529414,"standard_error":422.77712879542306},"StdDev":{"confidence_interval":{"confidence_level":0.95,"lower_bound":1745.8283278004527,"upper_bound":4083.0159121033177},"point_estimate":2904.978769903869,"standard_error":626.0061319720253}}