{"Mean":{"confidence_interval":{"confidence_level":0.95,"lower_bound":10.4208587608563,"upper_bound":10.831424307625817},"point_estimate":10.620400505892116,"standard_error":0.10510618768826494},"Median":{"confidence_interval":{"confidence_level":0.95,"lower_bound":9.972313050450384,"upper_bound":10.686207467129782},"point_estimate":10.34843502478472,"standard_error":0.172257844814185},"MedianAbsDev":{"confidence_interval":{"confidence_level":0.95,"lower_bound":0.6542694738866154,"upper_bound":1.3817370107706344},"point_estimate":1.0547281245641429,"standard_error":0.19544704603753058},"Slope":{"confidence_interval":{"confidence_level":0.95,"lower_bound":10.139559820292826,"upper_bound":10.571425911736416},"point_estimate":10.331042275868537,"standard_error":0.1105555968979508},"StdDev":{"confidence_interval":{"confidence_level":0.95,"lower_bound":0.8840951220414394,"upper_bound":1.2504274329481096},"point_estimate":1.0556270910882222,"standard_error":0.09598358281262914}}