{"Mean":{"confidence_interval":{"confidence_level":0.95,"lower_bound":28.578743419534484,"upper_bound":28.9448354862305},"point_estimate":28.75088699521411,"standard_error":0.09302591179092812},"Median":{"confidence_interval":{"confidence_level":0.95,"lower_bound":28.540657966315508,"upper_bound":28.740226818760008},"point_estimate":28.646637708422604,"standard_error":0.05239118741199005},"MedianAbsDev":{"confidence_interval":{"confidence_level":0.95,"lower_bound":0.35503898094131738,"upper_bound":0.6222598776232949},"point_estimate":0.4659638248652753,"standard_error":0.06918262323015559},"Slope":{"confidence_interval":{"confidence_level":0.95,"lower_bound":28.625998783010418,"upper_bound":28.968248155868264},"point_estimate":28.769828486201424,"standard_error":0.0885243592651332},"StdDev":{"confidence_interval":{"confidence_level":0.95,"lower_bound":0.5989191183315796,"upper_bound":1.2529301526912922},"point_estimate":0.9349087299820076,"standard_error":0.1694958181423431}}