{"Mean":{"confidence_interval":{"confidence_level":0.95,"lower_bound":81488.70524234665,"upper_bound":82544.98425977009},"point_estimate":81991.90258042752,"standard_error":268.61238384999407},"Median":{"confidence_interval":{"confidence_level":0.95,"lower_bound":81218.95424836602,"upper_bound":81985.50033467202},"point_estimate":81708.33333333333,"standard_error":180.54496129446185},"MedianAbsDev":{"confidence_interval":{"confidence_level":0.95,"lower_bound":1231.3257738070386,"upper_bound":1994.8344961750334},"point_estimate":1586.8062849598669,"standard_error":189.00246597214383},"Slope":{"confidence_interval":{"confidence_level":0.95,"lower_bound":81521.4453351682,"upper_bound":82822.75444019048},"point_estimate":82053.85128811389,"standard_error":343.00769266026875},"StdDev":{"confidence_interval":{"confidence_level":0.95,"lower_bound":1847.6423969048936,"upper_bound":3459.2175272254},"point_estimate":2702.949665426426,"standard_error":410.1194585024878}}