{"Mean":{"confidence_interval":{"confidence_level":0.95,"lower_bound":0.04124389826390163,"upper_bound":0.11787434892086749},"point_estimate":0.08045908066159879,"standard_error":0.019551653882438698},"Median":{"confidence_interval":{"confidence_level":0.95,"lower_bound":0.06126500946678615,"upper_bound":0.13403090200819824},"point_estimate":0.09862779420223889,"standard_error":0.01784718984949724}}