{"Mean":{"confidence_interval":{"confidence_level":0.95,"lower_bound":-0.0915504971020521,"upper_bound":-0.059451877102246478},"point_estimate":-0.07549003868963011,"standard_error":0.008159659037708631},"Median":{"confidence_interval":{"confidence_level":0.95,"lower_bound":-0.09226459472229033,"upper_bound":-0.047200554240072637},"point_estimate":-0.06890613635230747,"standard_error":0.013279523716403928}}