{"Mean":{"confidence_interval":{"confidence_level":0.95,"lower_bound":250.09438230904,"upper_bound":274.52409566052969},"point_estimate":261.5079184682075,"standard_error":6.255403640402766},"Median":{"confidence_interval":{"confidence_level":0.95,"lower_bound":236.74839495445719,"upper_bound":240.91025551440618},"point_estimate":238.63590386014196,"standard_error":1.0562673349803634},"MedianAbsDev":{"confidence_interval":{"confidence_level":0.95,"lower_bound":5.393576676175432,"upper_bound":10.12163324872642},"point_estimate":6.605974773829896,"standard_error":1.244750477277422},"Slope":{"confidence_interval":{"confidence_level":0.95,"lower_bound":240.44671683318354,"upper_bound":252.335133377326},"point_estimate":245.62795871405147,"standard_error":3.0598648628591498},"StdDev":{"confidence_interval":{"confidence_level":0.95,"lower_bound":41.82757734426299,"upper_bound":80.75339346290454},"point_estimate":63.00374891604274,"standard_error":9.965160080470227}}