{"Mean":{"confidence_interval":{"confidence_level":0.95,"lower_bound":-0.04724910429419421,"upper_bound":-0.03495679006765918},"point_estimate":-0.04136036659262543,"standard_error":0.003118405244179427},"Median":{"confidence_interval":{"confidence_level":0.95,"lower_bound":-0.04248867807186241,"upper_bound":-0.034439863741103197},"point_estimate":-0.03863125636394826,"standard_error":0.00216244117806892}}