{"Mean":{"confidence_interval":{"confidence_level":0.95,"lower_bound":-0.04902737695054437,"upper_bound":-0.03289250516812628},"point_estimate":-0.04089153076333085,"standard_error":0.004132440783768571},"Median":{"confidence_interval":{"confidence_level":0.95,"lower_bound":-0.04507877492463719,"upper_bound":-0.035178556633269967},"point_estimate":-0.04109571742116502,"standard_error":0.002345695377453088}}