{"Mean":{"confidence_interval":{"confidence_level":0.95,"lower_bound":533.9371045344227,"upper_bound":556.1059796818963},"point_estimate":544.2686136218358,"standard_error":5.66682750893088},"Median":{"confidence_interval":{"confidence_level":0.95,"lower_bound":518.3288979005619,"upper_bound":531.995994443906},"point_estimate":523.5747378918998,"standard_error":3.424887357011447},"MedianAbsDev":{"confidence_interval":{"confidence_level":0.95,"lower_bound":13.33012381738269,"upper_bound":28.48497227100484},"point_estimate":19.384433815966227,"standard_error":3.7472183011039115},"Slope":{"confidence_interval":{"confidence_level":0.95,"lower_bound":526.491268295182,"upper_bound":550.4431221280291},"point_estimate":536.9440091369535,"standard_error":6.137474549658465},"StdDev":{"confidence_interval":{"confidence_level":0.95,"lower_bound":37.22849505555356,"upper_bound":73.4264160337649},"point_estimate":56.74294706889488,"standard_error":9.266271497554007}}