{"Mean":{"confidence_interval":{"confidence_level":0.95,"lower_bound":-0.2739830952947884,"upper_bound":-0.23277570430880344},"point_estimate":-0.2537549333270215,"standard_error":0.010485559143778304},"Median":{"confidence_interval":{"confidence_level":0.95,"lower_bound":-0.28424849282760947,"upper_bound":-0.23377402767354087},"point_estimate":-0.2577698479463485,"standard_error":0.012476272488910367}}