{"Mean":{"confidence_interval":{"confidence_level":0.95,"lower_bound":123238.91546927141,"upper_bound":126931.04401266328},"point_estimate":125015.30952892202,"standard_error":937.0497285379314},"Median":{"confidence_interval":{"confidence_level":0.95,"lower_bound":120456.67146381579,"upper_bound":126256.57894736843},"point_estimate":123171.9362745098,"standard_error":1726.8244060086425},"MedianAbsDev":{"confidence_interval":{"confidence_level":0.95,"lower_bound":7011.462375521645,"upper_bound":11202.221582304737},"point_estimate":8736.846610648145,"standard_error":1083.4464367894094},"Slope":{"confidence_interval":{"confidence_level":0.95,"lower_bound":119802.98265175901,"upper_bound":123065.3443679452},"point_estimate":121321.80138909414,"standard_error":836.3365342390016},"StdDev":{"confidence_interval":{"confidence_level":0.95,"lower_bound":7497.375115516852,"upper_bound":11298.07880367277},"point_estimate":9436.940549847639,"standard_error":980.4733995397738}}