{"Mean":{"confidence_interval":{"confidence_level":0.95,"lower_bound":25646.85026768688,"upper_bound":25909.71460618417},"point_estimate":25776.801057621484,"standard_error":67.03704475711221},"Median":{"confidence_interval":{"confidence_level":0.95,"lower_bound":25613.23763955343,"upper_bound":25916.666666666668},"point_estimate":25745.487516869096,"standard_error":77.14093603640818},"MedianAbsDev":{"confidence_interval":{"confidence_level":0.95,"lower_bound":387.90328639546507,"upper_bound":628.2324919270869},"point_estimate":466.886438067386,"standard_error":62.46796464460245},"Slope":{"confidence_interval":{"confidence_level":0.95,"lower_bound":25696.931695629697,"upper_bound":25865.832216994764},"point_estimate":25779.050267163402,"standard_error":43.148668538318329},"StdDev":{"confidence_interval":{"confidence_level":0.95,"lower_bound":514.8260233457754,"upper_bound":834.6094923058863},"point_estimate":674.3495744017189,"standard_error":82.64003465978672}}