{"Mean":{"confidence_interval":{"confidence_level":0.95,"lower_bound":160.5294727990008,"upper_bound":164.66146186313899},"point_estimate":162.4887227292628,"standard_error":1.054591123019342},"Median":{"confidence_interval":{"confidence_level":0.95,"lower_bound":157.87167947747819,"upper_bound":160.08389320000698},"point_estimate":159.2973535985513,"standard_error":0.4965116874714067},"MedianAbsDev":{"confidence_interval":{"confidence_level":0.95,"lower_bound":2.614714828980817,"upper_bound":4.91384010179578},"point_estimate":3.6928355734112787,"standard_error":0.6061308036951393},"Slope":{"confidence_interval":{"confidence_level":0.95,"lower_bound":162.0656332725686,"upper_bound":168.4970606672919},"point_estimate":165.13468224013966,"standard_error":1.6439777222047763},"StdDev":{"confidence_interval":{"confidence_level":0.95,"lower_bound":7.771146205560519,"upper_bound":12.968947674971789},"point_estimate":10.630304124062232,"standard_error":1.32414189453323}}