{"Mean":{"confidence_interval":{"confidence_level":0.95,"lower_bound":-0.06740545669053787,"upper_bound":-0.029012567101751105},"point_estimate":-0.046611192726401688,"standard_error":0.009863487038556258},"Median":{"confidence_interval":{"confidence_level":0.95,"lower_bound":-0.031499169393967577,"upper_bound":-0.009478433870084598},"point_estimate":-0.02164515953046464,"standard_error":0.005520178211831815}}