{"Mean":{"confidence_interval":{"confidence_level":0.95,"lower_bound":9.658369999246276,"upper_bound":9.874168502359355},"point_estimate":9.765375576821585,"standard_error":0.0550520190575041},"Median":{"confidence_interval":{"confidence_level":0.95,"lower_bound":9.603065380480409,"upper_bound":9.830120101565978},"point_estimate":9.712517319165248,"standard_error":0.05580354199224044},"MedianAbsDev":{"confidence_interval":{"confidence_level":0.95,"lower_bound":0.3727678699098311,"upper_bound":0.6186901198300682},"point_estimate":0.4777325950564062,"standard_error":0.06342244542950487},"Slope":{"confidence_interval":{"confidence_level":0.95,"lower_bound":9.833995775946642,"upper_bound":10.06484610372138},"point_estimate":9.94904209146415,"standard_error":0.05887119241825002},"StdDev":{"confidence_interval":{"confidence_level":0.95,"lower_bound":0.4670167719390631,"upper_bound":0.6335621448050355},"point_estimate":0.5537287621352219,"standard_error":0.04252624572743653}}