{"Mean":{"confidence_interval":{"confidence_level":0.95,"lower_bound":-0.13145047262697538,"upper_bound":-0.11498636765387475},"point_estimate":-0.12327066259436159,"standard_error":0.004199033552810911},"Median":{"confidence_interval":{"confidence_level":0.95,"lower_bound":-0.13166390109713023,"upper_bound":-0.11378014737257203},"point_estimate":-0.1202129991417018,"standard_error":0.0045501316846534279}}