{"Mean":{"confidence_interval":{"confidence_level":0.95,"lower_bound":370775.6673793083,"upper_bound":381660.71288468429},"point_estimate":375490.908622327,"standard_error":2810.740577792696},"Median":{"confidence_interval":{"confidence_level":0.95,"lower_bound":366773.3333333333,"upper_bound":370933.4760121277},"point_estimate":368973.04964539009,"standard_error":1139.0456427311418},"MedianAbsDev":{"confidence_interval":{"confidence_level":0.95,"lower_bound":6372.235769245026,"upper_bound":10867.338607647038},"point_estimate":9240.755391499379,"standard_error":1230.0642968100524},"Slope":{"confidence_interval":{"confidence_level":0.95,"lower_bound":366346.9453152915,"upper_bound":371536.5994629952},"point_estimate":368532.3274715531,"standard_error":1338.8881830762317},"StdDev":{"confidence_interval":{"confidence_level":0.95,"lower_bound":12155.163269418714,"upper_bound":43072.16782117538},"point_estimate":28303.897113601382,"standard_error":8526.93107098831}}