{"Mean":{"confidence_interval":{"confidence_level":0.95,"lower_bound":41.358969820551099,"upper_bound":43.34751392509792},"point_estimate":42.267510121741938,"standard_error":0.5108357395946559},"Median":{"confidence_interval":{"confidence_level":0.95,"lower_bound":40.49034125777102,"upper_bound":40.95038119305995},"point_estimate":40.79518275034164,"standard_error":0.1286085276875849},"MedianAbsDev":{"confidence_interval":{"confidence_level":0.95,"lower_bound":0.5655415635059674,"upper_bound":1.0964468031014543},"point_estimate":0.8149934523269257,"standard_error":0.13946845511978574},"Slope":{"confidence_interval":{"confidence_level":0.95,"lower_bound":41.065771593684399,"upper_bound":42.65495797296952},"point_estimate":41.77276704637864,"standard_error":0.407551543268783},"StdDev":{"confidence_interval":{"confidence_level":0.95,"lower_bound":2.8780605365520004,"upper_bound":6.9363330822412279},"point_estimate":5.137639037874508,"standard_error":1.0375059880623883}}