{"Mean":{"confidence_interval":{"confidence_level":0.95,"lower_bound":11519.789898747626,"upper_bound":11727.57693284502},"point_estimate":11616.505136621856,"standard_error":52.9757693023922},"Median":{"confidence_interval":{"confidence_level":0.95,"lower_bound":11436.58088235294,"upper_bound":11641.930618401208},"point_estimate":11548.783470377399,"standard_error":53.77479563839777},"MedianAbsDev":{"confidence_interval":{"confidence_level":0.95,"lower_bound":311.7873464735664,"upper_bound":477.50303827979118},"point_estimate":409.69165876067407,"standard_error":42.46378653137399},"Slope":{"confidence_interval":{"confidence_level":0.95,"lower_bound":11472.009135891081,"upper_bound":11606.34394003898},"point_estimate":11535.778753292361,"standard_error":34.417463505222837},"StdDev":{"confidence_interval":{"confidence_level":0.95,"lower_bound":363.9928893505046,"upper_bound":728.9696657713936},"point_estimate":532.9372389166479,"standard_error":103.24398867261339}}