{"Mean":{"confidence_interval":{"confidence_level":0.95,"lower_bound":-0.07726904969361133,"upper_bound":-0.04747576074776504},"point_estimate":-0.06135555153128458,"standard_error":0.007630885275166255},"Median":{"confidence_interval":{"confidence_level":0.95,"lower_bound":-0.0491057708645668,"upper_bound":-0.032924726154346248},"point_estimate":-0.04238801949028137,"standard_error":0.004471708905300261}}