{"Mean":{"confidence_interval":{"confidence_level":0.95,"lower_bound":-0.04712811023526669,"upper_bound":-0.0168349434633037},"point_estimate":-0.03182354246691943,"standard_error":0.007733159804238619},"Median":{"confidence_interval":{"confidence_level":0.95,"lower_bound":-0.02324588465591729,"upper_bound":0.0024282313248928935},"point_estimate":-0.010040863681046175,"standard_error":0.005917663122535326}}