{"Mean":{"confidence_interval":{"confidence_level":0.95,"lower_bound":30.022819118876627,"upper_bound":30.73304489191799},"point_estimate":30.34175541146384,"standard_error":0.1822614588250976},"Median":{"confidence_interval":{"confidence_level":0.95,"lower_bound":29.917470088278145,"upper_bound":30.337561976922325},"point_estimate":30.12444565645749,"standard_error":0.10007935879215953},"MedianAbsDev":{"confidence_interval":{"confidence_level":0.95,"lower_bound":0.6217892802014986,"upper_bound":1.0053763663129356},"point_estimate":0.7985209553539041,"standard_error":0.10022922176718423},"Slope":{"confidence_interval":{"confidence_level":0.95,"lower_bound":30.29361251839477,"upper_bound":31.478387772329506},"point_estimate":30.829817679709639,"standard_error":0.3031923441290165},"StdDev":{"confidence_interval":{"confidence_level":0.95,"lower_bound":1.005960776726483,"upper_bound":2.696675568568296},"point_estimate":1.8312869220314772,"standard_error":0.48661000910714016}}