{"Mean":{"confidence_interval":{"confidence_level":0.95,"lower_bound":1843853.154390045,"upper_bound":1864606.3676756977},"point_estimate":1853717.1719245599,"standard_error":5301.630373687904},"Median":{"confidence_interval":{"confidence_level":0.95,"lower_bound":1832125.0,"upper_bound":1848030.303030303},"point_estimate":1837547.9166666666,"standard_error":3549.319667892027},"MedianAbsDev":{"confidence_interval":{"confidence_level":0.95,"lower_bound":20736.182359131915,"upper_bound":35060.26633407762},"point_estimate":26083.325272222417,"standard_error":3539.6364043508845},"Slope":{"confidence_interval":{"confidence_level":0.95,"lower_bound":1839217.549539198,"upper_bound":1861920.5512121022},"point_estimate":1849496.7459731049,"standard_error":5852.48224251005},"StdDev":{"confidence_interval":{"confidence_level":0.95,"lower_bound":38742.103267241386,"upper_bound":65427.26226183549},"point_estimate":53195.29405491591,"standard_error":6807.868663413081}}