{"Mean":{"confidence_interval":{"confidence_level":0.95,"lower_bound":8.627184931531908,"upper_bound":9.00981783099937},"point_estimate":8.8023465115482,"standard_error":0.09824941198801375},"Median":{"confidence_interval":{"confidence_level":0.95,"lower_bound":8.47104198586368,"upper_bound":8.589576380717658},"point_estimate":8.522799794108897,"standard_error":0.02899846066912407},"MedianAbsDev":{"confidence_interval":{"confidence_level":0.95,"lower_bound":0.14002804503890088,"upper_bound":0.23656025526250533},"point_estimate":0.17660551002127937,"standard_error":0.024469145459494396},"Slope":{"confidence_interval":{"confidence_level":0.95,"lower_bound":8.628139279032709,"upper_bound":9.13584779762651},"point_estimate":8.857010636854337,"standard_error":0.12992767432795808},"StdDev":{"confidence_interval":{"confidence_level":0.95,"lower_bound":0.5787393229435708,"upper_bound":1.3216351127287376},"point_estimate":0.9879055973650048,"standard_error":0.18960391697800273}}