{"Mean":{"confidence_interval":{"confidence_level":0.95,"lower_bound":-0.17472034439208404,"upper_bound":-0.11449560321250992},"point_estimate":-0.14408092209664126,"standard_error":0.015391958037475853},"Median":{"confidence_interval":{"confidence_level":0.95,"lower_bound":-0.08912036977256688,"upper_bound":-0.05986229905990359},"point_estimate":-0.06964020016490091,"standard_error":0.007194176695807037}}