{"Mean":{"confidence_interval":{"confidence_level":0.95,"lower_bound":3675.2047341923905,"upper_bound":3722.5679791806767},"point_estimate":3697.1436317739414,"standard_error":12.09538400057225},"Median":{"confidence_interval":{"confidence_level":0.95,"lower_bound":3668.969937708766,"upper_bound":3713.7280416395576},"point_estimate":3687.9758695931207,"standard_error":11.880966613674545},"MedianAbsDev":{"confidence_interval":{"confidence_level":0.95,"lower_bound":62.660829076226949,"upper_bound":98.30777539525147},"point_estimate":79.35664208666928,"standard_error":9.103060034713982},"Slope":{"confidence_interval":{"confidence_level":0.95,"lower_bound":3690.93721676243,"upper_bound":3757.2617088535637},"point_estimate":3717.4727966742045,"standard_error":17.685331339242326},"StdDev":{"confidence_interval":{"confidence_level":0.95,"lower_bound":74.35915498157853,"upper_bound":166.05359657831913},"point_estimate":121.82379216822095,"standard_error":24.202304320022983}}