{"Mean":{"confidence_interval":{"confidence_level":0.95,"lower_bound":53317.790814581924,"upper_bound":55973.84719618445},"point_estimate":54499.19413228213,"standard_error":683.0941302515313},"Median":{"confidence_interval":{"confidence_level":0.95,"lower_bound":52518.796992481206,"upper_bound":53004.90933215391},"point_estimate":52813.22100320397,"standard_error":113.9602299801016},"MedianAbsDev":{"confidence_interval":{"confidence_level":0.95,"lower_bound":702.5042635747002,"upper_bound":1254.8517827324054},"point_estimate":965.6972684445111,"standard_error":144.79142485331657},"Slope":{"confidence_interval":{"confidence_level":0.95,"lower_bound":53348.342517396624,"upper_bound":56188.789165563954},"point_estimate":54626.89569349708,"standard_error":730.4315681342384},"StdDev":{"confidence_interval":{"confidence_level":0.95,"lower_bound":3191.728954843034,"upper_bound":10000.922744643884},"point_estimate":6874.405643352885,"standard_error":1762.6831702347905}}