{"Mean":{"confidence_interval":{"confidence_level":0.95,"lower_bound":266.6092183842503,"upper_bound":298.8831140035476},"point_estimate":282.0503500693791,"standard_error":8.257263827109702},"Median":{"confidence_interval":{"confidence_level":0.95,"lower_bound":236.62354705661793,"upper_bound":243.0071241094863},"point_estimate":239.13937886253903,"standard_error":2.2113209980808459},"MedianAbsDev":{"confidence_interval":{"confidence_level":0.95,"lower_bound":8.972435650361664,"upper_bound":29.475750312114714},"point_estimate":14.448577955829549,"standard_error":5.2678241199784889},"Slope":{"confidence_interval":{"confidence_level":0.95,"lower_bound":251.38152640108829,"upper_bound":274.62322651336236},"point_estimate":261.8361843235681,"standard_error":5.936395566853756},"StdDev":{"confidence_interval":{"confidence_level":0.95,"lower_bound":64.79802788336247,"upper_bound":97.83506232166553},"point_estimate":82.6905731480431,"standard_error":8.412242697113264}}