{"Mean":{"confidence_interval":{"confidence_level":0.95,"lower_bound":5874.435451645931,"upper_bound":6126.045291500321},"point_estimate":5989.539378660146,"standard_error":64.1235532267296},"Median":{"confidence_interval":{"confidence_level":0.95,"lower_bound":5730.930335097002,"upper_bound":5869.684882054674},"point_estimate":5786.18104850636,"standard_error":35.73905326714651},"MedianAbsDev":{"confidence_interval":{"confidence_level":0.95,"lower_bound":174.27357089166939,"upper_bound":365.02930899562446},"point_estimate":244.12520212236766,"standard_error":49.244213159302},"Slope":{"confidence_interval":{"confidence_level":0.95,"lower_bound":5750.349019111518,"upper_bound":5918.719341767242},"point_estimate":5827.245825328801,"standard_error":43.00377739085871},"StdDev":{"confidence_interval":{"confidence_level":0.95,"lower_bound":368.43690337935797,"upper_bound":870.5250433319974},"point_estimate":646.6336379167922,"standard_error":126.29246906737159}}