{"Mean":{"confidence_interval":{"confidence_level":0.95,"lower_bound":114634.7517258691,"upper_bound":116657.18783003792},"point_estimate":115577.89897578761,"standard_error":516.4775912961243},"Median":{"confidence_interval":{"confidence_level":0.95,"lower_bound":114101.85185185186,"upper_bound":115281.14478114479},"point_estimate":114684.63403880071,"standard_error":306.2290859477104},"MedianAbsDev":{"confidence_interval":{"confidence_level":0.95,"lower_bound":1827.7555231064128,"upper_bound":3207.0210320021626},"point_estimate":2393.1646460650315,"standard_error":348.908818278919},"Slope":{"confidence_interval":{"confidence_level":0.95,"lower_bound":115035.02349874425,"upper_bound":116104.19672556108},"point_estimate":115554.71257573519,"standard_error":273.3297307907438},"StdDev":{"confidence_interval":{"confidence_level":0.95,"lower_bound":3367.169807143288,"upper_bound":6880.438579128801},"point_estimate":5181.226126385093,"standard_error":909.7374685801808}}