{"Mean":{"confidence_interval":{"confidence_level":0.95,"lower_bound":5596.794235898064,"upper_bound":6120.043025015468},"point_estimate":5840.860737404338,"standard_error":133.92136284933685},"Median":{"confidence_interval":{"confidence_level":0.95,"lower_bound":5299.155029346286,"upper_bound":5387.153799448881},"point_estimate":5325.56241572635,"standard_error":24.539867758309943},"MedianAbsDev":{"confidence_interval":{"confidence_level":0.95,"lower_bound":117.01064838760556,"upper_bound":270.07407474122479},"point_estimate":176.66818374487137,"standard_error":37.72708774507562},"Slope":{"confidence_interval":{"confidence_level":0.95,"lower_bound":5469.257963523684,"upper_bound":5863.645138654521},"point_estimate":5648.0147549866319,"standard_error":101.17806671794226},"StdDev":{"confidence_interval":{"confidence_level":0.95,"lower_bound":889.1785713869407,"upper_bound":1698.2307651324289},"point_estimate":1344.2180907010814,"standard_error":207.4086588866105}}