{"Mean":{"confidence_interval":{"confidence_level":0.95,"lower_bound":15.900326032091048,"upper_bound":16.47790760644793},"point_estimate":16.163816269901039,"standard_error":0.1481339466453013},"Median":{"confidence_interval":{"confidence_level":0.95,"lower_bound":15.687997987083789,"upper_bound":15.821606912245528},"point_estimate":15.771532022158642,"standard_error":0.03269486835393321},"MedianAbsDev":{"confidence_interval":{"confidence_level":0.95,"lower_bound":0.26719129479996248,"upper_bound":0.49839327863532625},"point_estimate":0.3613685671702416,"standard_error":0.061362430006728679},"Slope":{"confidence_interval":{"confidence_level":0.95,"lower_bound":15.896175320428421,"upper_bound":16.92068150159303},"point_estimate":16.361449838572445,"standard_error":0.262909409140972},"StdDev":{"confidence_interval":{"confidence_level":0.95,"lower_bound":0.8768006002379507,"upper_bound":1.971621800845892},"point_estimate":1.4922855502642239,"standard_error":0.2806087653883769}}