{"Mean":{"confidence_interval":{"confidence_level":0.95,"lower_bound":-0.29522731881965749,"upper_bound":-0.24812821972072686},"point_estimate":-0.2708134589366721,"standard_error":0.012080572645181979},"Median":{"confidence_interval":{"confidence_level":0.95,"lower_bound":-0.2343310205487531,"upper_bound":-0.22297657801474958},"point_estimate":-0.22885177828080184,"standard_error":0.0028049112586462125}}