{"Mean":{"confidence_interval":{"confidence_level":0.95,"lower_bound":522276.15870318826,"upper_bound":546477.862868649},"point_estimate":533123.5250783158,"standard_error":6186.063861724777},"Median":{"confidence_interval":{"confidence_level":0.95,"lower_bound":512305.55555555559,"upper_bound":518096.9535783366},"point_estimate":515063.8888888889,"standard_error":1543.6686885698592},"MedianAbsDev":{"confidence_interval":{"confidence_level":0.95,"lower_bound":8718.238869610526,"upper_bound":17458.978806073443},"point_estimate":12762.066945712673,"standard_error":2286.69545929216},"Slope":{"confidence_interval":{"confidence_level":0.95,"lower_bound":526231.9631746583,"upper_bound":558537.8971518477},"point_estimate":541349.7650362051,"standard_error":8253.506842631543},"StdDev":{"confidence_interval":{"confidence_level":0.95,"lower_bound":33448.63645789811,"upper_bound":90036.14032386286},"point_estimate":62174.3808776315,"standard_error":15370.566720426401}}