{"Mean":{"confidence_interval":{"confidence_level":0.95,"lower_bound":-0.12599603237770919,"upper_bound":-0.06254545025792859},"point_estimate":-0.0932876469357864,"standard_error":0.016205050401637334},"Median":{"confidence_interval":{"confidence_level":0.95,"lower_bound":-0.046857921463161939,"upper_bound":-0.027103836632524027},"point_estimate":-0.03332390883221947,"standard_error":0.004858827087242693}}