{"Mean":{"confidence_interval":{"confidence_level":0.95,"lower_bound":40.786201624019678,"upper_bound":42.650364938086799},"point_estimate":41.63756986061441,"standard_error":0.4777595490464559},"Median":{"confidence_interval":{"confidence_level":0.95,"lower_bound":40.124158855607507,"upper_bound":40.72325663932956},"point_estimate":40.303828581566609,"standard_error":0.15066273453127186},"MedianAbsDev":{"confidence_interval":{"confidence_level":0.95,"lower_bound":0.7096891770270434,"upper_bound":1.3014664467579094},"point_estimate":1.021650280739671,"standard_error":0.14960828596003049},"Slope":{"confidence_interval":{"confidence_level":0.95,"lower_bound":40.87336253125166,"upper_bound":42.40009418507289},"point_estimate":41.570784898225209,"standard_error":0.3909938039460845},"StdDev":{"confidence_interval":{"confidence_level":0.95,"lower_bound":2.6972299680443667,"upper_bound":6.4833567313562538},"point_estimate":4.80104867841227,"standard_error":0.9631218680278629}}