{"Mean":{"confidence_interval":{"confidence_level":0.95,"lower_bound":361.5820431313723,"upper_bound":367.8501784189781},"point_estimate":364.50823488736679,"standard_error":1.6033044254204938},"Median":{"confidence_interval":{"confidence_level":0.95,"lower_bound":359.9933288664745,"upper_bound":363.56159485070625},"point_estimate":362.2171711267456,"standard_error":0.878804723881005},"MedianAbsDev":{"confidence_interval":{"confidence_level":0.95,"lower_bound":5.345710277709584,"upper_bound":8.526468446982492},"point_estimate":6.456830434329089,"standard_error":0.7980334256519602},"Slope":{"confidence_interval":{"confidence_level":0.95,"lower_bound":361.86972625896626,"upper_bound":368.0807165823442},"point_estimate":364.37112902189826,"standard_error":1.641028812174992},"StdDev":{"confidence_interval":{"confidence_level":0.95,"lower_bound":10.384235937460764,"upper_bound":20.978624462391268},"point_estimate":16.10816685754706,"standard_error":2.709648823484898}}