{"Mean":{"confidence_interval":{"confidence_level":0.95,"lower_bound":750.3719631548083,"upper_bound":788.3730098066722},"point_estimate":767.6057240266464,"standard_error":9.731129167394317},"Median":{"confidence_interval":{"confidence_level":0.95,"lower_bound":732.7900252208526,"upper_bound":740.514940636536},"point_estimate":735.6107637826258,"standard_error":2.20470761611134},"MedianAbsDev":{"confidence_interval":{"confidence_level":0.95,"lower_bound":11.383154711733214,"upper_bound":23.407283187973559},"point_estimate":15.444842315116576,"standard_error":3.144247123283193},"Slope":{"confidence_interval":{"confidence_level":0.95,"lower_bound":746.3325052547232,"upper_bound":785.156881047777},"point_estimate":763.3389986539162,"standard_error":9.972002157590982},"StdDev":{"confidence_interval":{"confidence_level":0.95,"lower_bound":52.53749900195869,"upper_bound":134.70333435278827},"point_estimate":97.95308884761428,"standard_error":20.981284876708064}}