{"Mean":{"confidence_interval":{"confidence_level":0.95,"lower_bound":6.184966640312313,"upper_bound":6.3020455935414338},"point_estimate":6.239614612435102,"standard_error":0.029973959389786366},"Median":{"confidence_interval":{"confidence_level":0.95,"lower_bound":6.132741675734657,"upper_bound":6.229361827418862},"point_estimate":6.18035567018289,"standard_error":0.02513350494648966},"MedianAbsDev":{"confidence_interval":{"confidence_level":0.95,"lower_bound":0.12024679060111461,"upper_bound":0.20666538014576409},"point_estimate":0.1562425638651525,"standard_error":0.021545883193691108},"Slope":{"confidence_interval":{"confidence_level":0.95,"lower_bound":6.164608845329013,"upper_bound":6.261232627908398},"point_estimate":6.206966726792626,"standard_error":0.024688962859199825},"StdDev":{"confidence_interval":{"confidence_level":0.95,"lower_bound":0.19036741235586406,"upper_bound":0.40521003783363637},"point_estimate":0.2995483357261762,"standard_error":0.056010419122130828}}