{"Mean":{"confidence_interval":{"confidence_level":0.95,"lower_bound":566968.7978003376,"upper_bound":584942.0817275019},"point_estimate":575091.742435349,"standard_error":4619.544105655319},"Median":{"confidence_interval":{"confidence_level":0.95,"lower_bound":558430.5796598403,"upper_bound":565095.2380952381},"point_estimate":561030.7486631016,"standard_error":1483.706443750423},"MedianAbsDev":{"confidence_interval":{"confidence_level":0.95,"lower_bound":8846.198990565748,"upper_bound":15416.586877766587},"point_estimate":11954.205569856027,"standard_error":1668.1180062009153},"Slope":{"confidence_interval":{"confidence_level":0.95,"lower_bound":558686.3959718819,"upper_bound":567610.4589125938},"point_estimate":562585.7381409783,"standard_error":2291.3748827038727},"StdDev":{"confidence_interval":{"confidence_level":0.95,"lower_bound":24949.130705435586,"upper_bound":65269.213965408184},"point_estimate":46515.1381338701,"standard_error":10427.747936815556}}