{"Mean":{"confidence_interval":{"confidence_level":0.95,"lower_bound":542204.8411884041,"upper_bound":560885.8072103871},"point_estimate":550686.862787503,"standard_error":4784.502612711397},"Median":{"confidence_interval":{"confidence_level":0.95,"lower_bound":531782.6086956522,"upper_bound":542344.905094905},"point_estimate":538004.1666666668,"standard_error":2446.030205433652},"MedianAbsDev":{"confidence_interval":{"confidence_level":0.95,"lower_bound":13076.531767845154,"upper_bound":23802.7326419331},"point_estimate":18914.67560527756,"standard_error":2866.366911200156},"Slope":{"confidence_interval":{"confidence_level":0.95,"lower_bound":535197.1731813707,"upper_bound":544234.5191645982},"point_estimate":539320.6901137875,"standard_error":2311.645463482727},"StdDev":{"confidence_interval":{"confidence_level":0.95,"lower_bound":26770.728387472085,"upper_bound":64924.90376426757},"point_estimate":47855.24532378029,"standard_error":9708.791947789709}}