{"Mean":{"confidence_interval":{"confidence_level":0.95,"lower_bound":14825.687948545905,"upper_bound":15513.396636192809},"point_estimate":15142.97017771392,"standard_error":175.76644328907944},"Median":{"confidence_interval":{"confidence_level":0.95,"lower_bound":14358.908582089553,"upper_bound":14649.654951051196},"point_estimate":14455.670798549625,"standard_error":69.3904780991834},"MedianAbsDev":{"confidence_interval":{"confidence_level":0.95,"lower_bound":353.7841658815198,"upper_bound":698.377496463609},"point_estimate":497.10888333347597,"standard_error":93.84462991799662},"Slope":{"confidence_interval":{"confidence_level":0.95,"lower_bound":14692.769544427567,"upper_bound":15360.882420812326},"point_estimate":15008.771496441246,"standard_error":171.0684943396075},"StdDev":{"confidence_interval":{"confidence_level":0.95,"lower_bound":1163.7114675993553,"upper_bound":2374.0540279071008},"point_estimate":1762.68203879453,"standard_error":318.9603766265978}}