{"Mean":{"confidence_interval":{"confidence_level":0.95,"lower_bound":1103.5770202738518,"upper_bound":1117.488593981348},"point_estimate":1110.0675404165875,"standard_error":3.5481455942699},"Median":{"confidence_interval":{"confidence_level":0.95,"lower_bound":1100.0251857999256,"upper_bound":1110.576923076923},"point_estimate":1105.2887872628726,"standard_error":2.5070800225569807},"MedianAbsDev":{"confidence_interval":{"confidence_level":0.95,"lower_bound":14.819905032873248,"upper_bound":24.29244632798219},"point_estimate":19.045678858934559,"standard_error":2.463813144831593},"Slope":{"confidence_interval":{"confidence_level":0.95,"lower_bound":1103.6743431569669,"upper_bound":1110.5779925465075},"point_estimate":1107.0606401436165,"standard_error":1.761860059692939},"StdDev":{"confidence_interval":{"confidence_level":0.95,"lower_bound":21.768023511135067,"upper_bound":47.650163555605178},"point_estimate":35.65024866313169,"standard_error":6.5857095914560459}}