{"Mean":{"confidence_interval":{"confidence_level":0.95,"lower_bound":97.43101212490243,"upper_bound":100.51852976565115},"point_estimate":98.81492100234766,"standard_error":0.79311821830933},"Median":{"confidence_interval":{"confidence_level":0.95,"lower_bound":96.2829546399075,"upper_bound":97.90864007859887},"point_estimate":97.08890377896575,"standard_error":0.40590730817093109},"MedianAbsDev":{"confidence_interval":{"confidence_level":0.95,"lower_bound":2.158714419023975,"upper_bound":3.632034688496566},"point_estimate":2.8379833572911465,"standard_error":0.37664464864947058},"Slope":{"confidence_interval":{"confidence_level":0.95,"lower_bound":97.78581099290446,"upper_bound":100.63253427439182},"point_estimate":99.12258445911657,"standard_error":0.7265792835502979},"StdDev":{"confidence_interval":{"confidence_level":0.95,"lower_bound":4.235140031254735,"upper_bound":11.489870042875897},"point_estimate":7.949484920170136,"standard_error":1.9263269306403053}}