{"Mean":{"confidence_interval":{"confidence_level":0.95,"lower_bound":-0.023867433414268795,"upper_bound":0.036789479628724659},"point_estimate":0.004039108577368999,"standard_error":0.01543764081129319},"Median":{"confidence_interval":{"confidence_level":0.95,"lower_bound":-0.014856289941166945,"upper_bound":0.00407659176614672},"point_estimate":-0.003578108885127218,"standard_error":0.004914882366840624}}