{"Mean":{"confidence_interval":{"confidence_level":0.95,"lower_bound":7632.87454220412,"upper_bound":8114.525244817407},"point_estimate":7853.2184597903019,"standard_error":123.4669128934632},"Median":{"confidence_interval":{"confidence_level":0.95,"lower_bound":7335.808114035088,"upper_bound":7477.616091954023},"point_estimate":7409.356275303644,"standard_error":33.138592657836309},"MedianAbsDev":{"confidence_interval":{"confidence_level":0.95,"lower_bound":218.19561792825557,"upper_bound":417.74843494737527},"point_estimate":312.8766024453295,"standard_error":46.60279539125972},"Slope":{"confidence_interval":{"confidence_level":0.95,"lower_bound":7747.152374715212,"upper_bound":8404.50805409883},"point_estimate":8063.052436825772,"standard_error":168.57951694259496},"StdDev":{"confidence_interval":{"confidence_level":0.95,"lower_bound":781.9981136732672,"upper_bound":1707.1123916367522},"point_estimate":1239.461053977341,"standard_error":249.86800147740667}}