{"Mean":{"confidence_interval":{"confidence_level":0.95,"lower_bound":-0.29578616034148288,"upper_bound":-0.2144816998937224},"point_estimate":-0.2527347927044512,"standard_error":0.020811575094693996},"Median":{"confidence_interval":{"confidence_level":0.95,"lower_bound":-0.21640497785507818,"upper_bound":-0.18736136646577807},"point_estimate":-0.1991722521482715,"standard_error":0.007084673356562986}}