{"Mean":{"confidence_interval":{"confidence_level":0.95,"lower_bound":-0.015551825147996385,"upper_bound":-0.0030852180442944314},"point_estimate":-0.0094022409747192,"standard_error":0.0031624111918935676},"Median":{"confidence_interval":{"confidence_level":0.95,"lower_bound":-0.016363128802213135,"upper_bound":-0.0072315260574679078},"point_estimate":-0.012205027614188735,"standard_error":0.002347142532452424}}