{"Mean":{"confidence_interval":{"confidence_level":0.95,"lower_bound":67.17917230857522,"upper_bound":70.37920415184037},"point_estimate":68.68253138752148,"standard_error":0.8180153467099988},"Median":{"confidence_interval":{"confidence_level":0.95,"lower_bound":64.73880001038191,"upper_bound":67.0472140978691},"point_estimate":65.48244832501783,"standard_error":0.5964269239232753},"MedianAbsDev":{"confidence_interval":{"confidence_level":0.95,"lower_bound":3.026330026771672,"upper_bound":6.111077162729961},"point_estimate":4.1744249914169428,"standard_error":0.8014550502022407},"Slope":{"confidence_interval":{"confidence_level":0.95,"lower_bound":65.29956549977851,"upper_bound":68.66822766237864},"point_estimate":66.86273508149955,"standard_error":0.8644506761207575},"StdDev":{"confidence_interval":{"confidence_level":0.95,"lower_bound":5.780466074334891,"upper_bound":10.730037755861169},"point_estimate":8.202323276169797,"standard_error":1.3027968743200625}}