{"Mean":{"confidence_interval":{"confidence_level":0.95,"lower_bound":1015.6791867640822,"upper_bound":1024.5050177564625},"point_estimate":1020.1401737197635,"standard_error":2.2498372836495399},"Median":{"confidence_interval":{"confidence_level":0.95,"lower_bound":1016.0309725527118,"upper_bound":1024.00860352988},"point_estimate":1020.2274906714547,"standard_error":2.0247709933015449},"MedianAbsDev":{"confidence_interval":{"confidence_level":0.95,"lower_bound":14.678088002500225,"upper_bound":23.19302996849768},"point_estimate":18.9877106087397,"standard_error":2.2278711375991788},"Slope":{"confidence_interval":{"confidence_level":0.95,"lower_bound":1015.2288374937714,"upper_bound":1022.8015613470649},"point_estimate":1018.9494172987597,"standard_error":1.9393311389033808},"StdDev":{"confidence_interval":{"confidence_level":0.95,"lower_bound":18.566917989732287,"upper_bound":26.44986110479742},"point_estimate":22.703118045062284,"standard_error":2.0145581015295326}}