{"Mean":{"confidence_interval":{"confidence_level":0.95,"lower_bound":220.8638805154241,"upper_bound":223.63609202575968},"point_estimate":222.2038285572318,"standard_error":0.7075648711236356},"Median":{"confidence_interval":{"confidence_level":0.95,"lower_bound":220.57536945812809,"upper_bound":223.00241587575494},"point_estimate":221.59425035550943,"standard_error":0.5932973940854494},"MedianAbsDev":{"confidence_interval":{"confidence_level":0.95,"lower_bound":4.123585858437054,"upper_bound":6.841168530218834},"point_estimate":5.550647842170923,"standard_error":0.6873203137504557},"Slope":{"confidence_interval":{"confidence_level":0.95,"lower_bound":221.62943101784948,"upper_bound":223.42291421420124},"point_estimate":222.53641799489118,"standard_error":0.45740559653140419},"StdDev":{"confidence_interval":{"confidence_level":0.95,"lower_bound":5.336909375129785,"upper_bound":8.776654489901226},"point_estimate":7.103124812096363,"standard_error":0.884460609801995}}