{"Mean":{"confidence_interval":{"confidence_level":0.95,"lower_bound":7.8387096664497319,"upper_bound":8.154858718106877},"point_estimate":7.97919071039353,"standard_error":0.08128002509831031},"Median":{"confidence_interval":{"confidence_level":0.95,"lower_bound":7.688799150299717,"upper_bound":7.84165136058643},"point_estimate":7.775866580306825,"standard_error":0.0350489165550745},"MedianAbsDev":{"confidence_interval":{"confidence_level":0.95,"lower_bound":0.16499978333711533,"upper_bound":0.2957579556646016},"point_estimate":0.23134253155286184,"standard_error":0.03272307206931238},"Slope":{"confidence_interval":{"confidence_level":0.95,"lower_bound":7.759967186690953,"upper_bound":8.279374717301606},"point_estimate":7.960859080029208,"standard_error":0.13950917775314873},"StdDev":{"confidence_interval":{"confidence_level":0.95,"lower_bound":0.38411572729998336,"upper_bound":1.1754368266545874},"point_estimate":0.8130399369790624,"standard_error":0.21024020539035913}}