{"Mean":{"confidence_interval":{"confidence_level":0.95,"lower_bound":1921115.4005217886,"upper_bound":1946140.2027107026},"point_estimate":1932750.2898602156,"standard_error":6406.992687141734},"Median":{"confidence_interval":{"confidence_level":0.95,"lower_bound":1911181.8181818182,"upper_bound":1922840.4746209626},"point_estimate":1916299.6245306633,"standard_error":3028.067333018545},"MedianAbsDev":{"confidence_interval":{"confidence_level":0.95,"lower_bound":24431.725867034256,"upper_bound":44997.66784148271},"point_estimate":33123.19774110696,"standard_error":5516.648560750607},"Slope":{"confidence_interval":{"confidence_level":0.95,"lower_bound":1910922.0734756629,"upper_bound":1924432.5268776867},"point_estimate":1917334.2988030147,"standard_error":3444.989241218132},"StdDev":{"confidence_interval":{"confidence_level":0.95,"lower_bound":43513.490900342695,"upper_bound":81996.31513023353},"point_estimate":64182.6847759309,"standard_error":9852.610849918792}}