{"Mean":{"confidence_interval":{"confidence_level":0.95,"lower_bound":83528.13752863746,"upper_bound":85928.14370157883},"point_estimate":84686.94104517205,"standard_error":615.0950878766115},"Median":{"confidence_interval":{"confidence_level":0.95,"lower_bound":81547.76461216768,"upper_bound":83595.95959595959},"point_estimate":82537.07687082532,"standard_error":453.97988856183977},"MedianAbsDev":{"confidence_interval":{"confidence_level":0.95,"lower_bound":2311.1625463812476,"upper_bound":4693.462511371362},"point_estimate":3116.5702943201624,"standard_error":590.4645797439753},"Slope":{"confidence_interval":{"confidence_level":0.95,"lower_bound":81737.15151707897,"upper_bound":83258.6575714589},"point_estimate":82420.59271598803,"standard_error":387.20677533018906},"StdDev":{"confidence_interval":{"confidence_level":0.95,"lower_bound":4810.7151151569619,"upper_bound":7410.802349161353},"point_estimate":6193.627997906438,"standard_error":664.9522949334244}}