{"Mean":{"confidence_interval":{"confidence_level":0.95,"lower_bound":56.07537135670527,"upper_bound":59.33724166861454},"point_estimate":57.57852410786323,"standard_error":0.8362085319156573},"Median":{"confidence_interval":{"confidence_level":0.95,"lower_bound":54.74175065972505,"upper_bound":55.39455907102966},"point_estimate":54.95972201039673,"standard_error":0.16710536361205537},"MedianAbsDev":{"confidence_interval":{"confidence_level":0.95,"lower_bound":1.3726420576191104,"upper_bound":2.3549911699112564},"point_estimate":1.868349812894941,"standard_error":0.24693978735238754},"Slope":{"confidence_interval":{"confidence_level":0.95,"lower_bound":57.188880955461737,"upper_bound":63.492250357920088},"point_estimate":60.10543924448707,"standard_error":1.613567209809863},"StdDev":{"confidence_interval":{"confidence_level":0.95,"lower_bound":5.025733809736504,"upper_bound":11.135612936980126},"point_estimate":8.412615676287592,"standard_error":1.5545903480231867}}