{"Mean":{"confidence_interval":{"confidence_level":0.95,"lower_bound":-0.11707821987739667,"upper_bound":-0.07093006177206104},"point_estimate":-0.09322390138126857,"standard_error":0.011812953798451019},"Median":{"confidence_interval":{"confidence_level":0.95,"lower_bound":-0.07526661842232629,"upper_bound":-0.037339529753542047},"point_estimate":-0.05396990585344785,"standard_error":0.008790824909091302}}