{"Mean":{"confidence_interval":{"confidence_level":0.95,"lower_bound":42.16029366741854,"upper_bound":43.73968366189278},"point_estimate":42.900044976097827,"standard_error":0.40457696517607719},"Median":{"confidence_interval":{"confidence_level":0.95,"lower_bound":41.35147268861627,"upper_bound":41.97938910522129},"point_estimate":41.67601807641542,"standard_error":0.1711942438054225},"MedianAbsDev":{"confidence_interval":{"confidence_level":0.95,"lower_bound":0.871379637689502,"upper_bound":1.5544535880397475},"point_estimate":1.180078638215228,"standard_error":0.19617086107943244},"Slope":{"confidence_interval":{"confidence_level":0.95,"lower_bound":42.57916377934684,"upper_bound":45.564794041045399},"point_estimate":43.9681790435679,"standard_error":0.7655002384956673},"StdDev":{"confidence_interval":{"confidence_level":0.95,"lower_bound":2.7690647467875335,"upper_bound":5.1630645093128539},"point_estimate":4.06385102619448,"standard_error":0.6113369558294309}}