{"Mean":{"confidence_interval":{"confidence_level":0.95,"lower_bound":4729.093303914375,"upper_bound":4812.022510628685},"point_estimate":4768.024286013494,"standard_error":21.165955919807176},"Median":{"confidence_interval":{"confidence_level":0.95,"lower_bound":4682.52427184466,"upper_bound":4755.483638978784},"point_estimate":4717.742670478529,"standard_error":21.335065225294718},"MedianAbsDev":{"confidence_interval":{"confidence_level":0.95,"lower_bound":96.22439166097365,"upper_bound":182.91528369101057},"point_estimate":134.08584871924067,"standard_error":23.54484454077327},"Slope":{"confidence_interval":{"confidence_level":0.95,"lower_bound":4762.384219173158,"upper_bound":4859.575633096727},"point_estimate":4807.928424779879,"standard_error":24.839356842713369},"StdDev":{"confidence_interval":{"confidence_level":0.95,"lower_bound":146.63471098610905,"upper_bound":290.1662147048663},"point_estimate":213.48394951596414,"standard_error":40.760594203013}}