{"Mean":{"confidence_interval":{"confidence_level":0.95,"lower_bound":8883.006316006704,"upper_bound":9027.219337855446},"point_estimate":8949.801805490437,"standard_error":36.755169211390768},"Median":{"confidence_interval":{"confidence_level":0.95,"lower_bound":8859.056603773584,"upper_bound":8979.410727102417},"point_estimate":8904.485164668036,"standard_error":33.719185869263089},"MedianAbsDev":{"confidence_interval":{"confidence_level":0.95,"lower_bound":164.41517539169554,"upper_bound":292.0242400985504},"point_estimate":222.90852203782763,"standard_error":31.967413030869403},"Slope":{"confidence_interval":{"confidence_level":0.95,"lower_bound":8913.652992499328,"upper_bound":9016.792415406782},"point_estimate":8964.321136703928,"standard_error":26.269506030107519},"StdDev":{"confidence_interval":{"confidence_level":0.95,"lower_bound":232.64686098991144,"upper_bound":521.3700817001568},"point_estimate":369.2748769164859,"standard_error":81.07356451940562}}