{"Mean":{"confidence_interval":{"confidence_level":0.95,"lower_bound":521956.6963858514,"upper_bound":541889.354088402},"point_estimate":530978.8438756163,"standard_error":5116.4140955500929},"Median":{"confidence_interval":{"confidence_level":0.95,"lower_bound":514236.4285714286,"upper_bound":521777.77777777778},"point_estimate":516913.4615384615,"standard_error":2022.6002013997257},"MedianAbsDev":{"confidence_interval":{"confidence_level":0.95,"lower_bound":13230.476737625053,"upper_bound":23912.310088292175},"point_estimate":16995.72777518854,"standard_error":2749.0752757030074},"Slope":{"confidence_interval":{"confidence_level":0.95,"lower_bound":526038.7049828376,"upper_bound":545471.6878887623},"point_estimate":535136.8287276488,"standard_error":4967.406568175679},"StdDev":{"confidence_interval":{"confidence_level":0.95,"lower_bound":28825.201130815396,"upper_bound":72743.41384729298},"point_estimate":51326.78320439665,"standard_error":11558.432126744186}}