{"Mean":{"confidence_interval":{"confidence_level":0.95,"lower_bound":-0.16303228776932167,"upper_bound":-0.14081944294216362},"point_estimate":-0.151753949321637,"standard_error":0.0056512227708241219},"Median":{"confidence_interval":{"confidence_level":0.95,"lower_bound":-0.16448084803566444,"upper_bound":-0.14800346130649645},"point_estimate":-0.1558562801095481,"standard_error":0.004411782876822927}}