{"Mean":{"confidence_interval":{"confidence_level":0.95,"lower_bound":57.64701420030997,"upper_bound":58.501881389812009},"point_estimate":58.04651538590893,"standard_error":0.21793787699477994},"Median":{"confidence_interval":{"confidence_level":0.95,"lower_bound":57.64943405270945,"upper_bound":58.18834378924764},"point_estimate":57.89234960801262,"standard_error":0.15402479149221127},"MedianAbsDev":{"confidence_interval":{"confidence_level":0.95,"lower_bound":0.8697574344686163,"upper_bound":1.6430558732863395},"point_estimate":1.2852957140372268,"standard_error":0.19902084742130195},"Slope":{"confidence_interval":{"confidence_level":0.95,"lower_bound":57.67125221504054,"upper_bound":58.13831350144955},"point_estimate":57.901782293226769,"standard_error":0.1190094530300777},"StdDev":{"confidence_interval":{"confidence_level":0.95,"lower_bound":1.420116835698359,"upper_bound":3.0386712054891595},"point_estimate":2.1848649263117747,"standard_error":0.44102085479117567}}