{"Mean":{"confidence_interval":{"confidence_level":0.95,"lower_bound":6.4224534445426919,"upper_bound":6.496424337523167},"point_estimate":6.459095866409665,"standard_error":0.018865162639143074},"Median":{"confidence_interval":{"confidence_level":0.95,"lower_bound":6.405900631245962,"upper_bound":6.497876653275366},"point_estimate":6.444208981346485,"standard_error":0.0235641768797612},"MedianAbsDev":{"confidence_interval":{"confidence_level":0.95,"lower_bound":0.14953417639065104,"upper_bound":0.22554234369270249},"point_estimate":0.197549095271793,"standard_error":0.020351603251179068},"Slope":{"confidence_interval":{"confidence_level":0.95,"lower_bound":6.451214664356736,"upper_bound":6.524366791796238},"point_estimate":6.487074599914509,"standard_error":0.01868418755856561},"StdDev":{"confidence_interval":{"confidence_level":0.95,"lower_bound":0.1574781593454712,"upper_bound":0.2195859657312368},"point_estimate":0.18935425263614664,"standard_error":0.01590786396958856}}