{"Mean":{"confidence_interval":{"confidence_level":0.95,"lower_bound":-0.06647481598822683,"upper_bound":-0.014412807077337024},"point_estimate":-0.04106258953832409,"standard_error":0.01327434110443485},"Median":{"confidence_interval":{"confidence_level":0.95,"lower_bound":-0.0517664068722985,"upper_bound":-0.025134686494050708},"point_estimate":-0.03558500328899972,"standard_error":0.007228994606336073}}