{"Mean":{"confidence_interval":{"confidence_level":0.95,"lower_bound":51.82747536772287,"upper_bound":55.52091136589304},"point_estimate":53.57459221406122,"standard_error":0.9426110666504471},"Median":{"confidence_interval":{"confidence_level":0.95,"lower_bound":48.73502996397025,"upper_bound":50.101446642094519},"point_estimate":49.07433611416519,"standard_error":0.3379401511070772},"MedianAbsDev":{"confidence_interval":{"confidence_level":0.95,"lower_bound":1.566611552880492,"upper_bound":3.5671924888123245},"point_estimate":2.2193515447349259,"standard_error":0.5194175345443491},"Slope":{"confidence_interval":{"confidence_level":0.95,"lower_bound":49.79096069384562,"upper_bound":53.47724461404632},"point_estimate":51.459902705061299,"standard_error":0.9416878365609687},"StdDev":{"confidence_interval":{"confidence_level":0.95,"lower_bound":6.973153332675154,"upper_bound":11.621620376031729},"point_estimate":9.4715055270338,"standard_error":1.1880325231767002}}