{"Mean":{"confidence_interval":{"confidence_level":0.95,"lower_bound":897.2172563766181,"upper_bound":925.3573397966334},"point_estimate":910.0446337842785,"standard_error":7.218211410601922},"Median":{"confidence_interval":{"confidence_level":0.95,"lower_bound":884.6121725574619,"upper_bound":895.3228656198953},"point_estimate":889.5972097209722,"standard_error":2.772979769000178},"MedianAbsDev":{"confidence_interval":{"confidence_level":0.95,"lower_bound":15.885182982447104,"upper_bound":29.232032631301764},"point_estimate":22.623600723285418,"standard_error":3.3547386562290115},"Slope":{"confidence_interval":{"confidence_level":0.95,"lower_bound":881.7841589439053,"upper_bound":889.5504031498485},"point_estimate":885.5276007872695,"standard_error":1.9748576219396875},"StdDev":{"confidence_interval":{"confidence_level":0.95,"lower_bound":41.121163759098809,"upper_bound":97.43267246886622},"point_estimate":72.41195080449211,"standard_error":14.261146177786785}}