{"Mean":{"confidence_interval":{"confidence_level":0.95,"lower_bound":971800.9321595719,"upper_bound":1022087.5351078989},"point_estimate":995318.7912798828,"standard_error":12846.863208074144},"Median":{"confidence_interval":{"confidence_level":0.95,"lower_bound":937250.0,"upper_bound":977257.5757575758},"point_estimate":955166.6666666668,"standard_error":8679.173966081436},"MedianAbsDev":{"confidence_interval":{"confidence_level":0.95,"lower_bound":38541.27692769596,"upper_bound":71623.62888704826},"point_estimate":51559.526244561916,"standard_error":8733.330878957673},"Slope":{"confidence_interval":{"confidence_level":0.95,"lower_bound":981966.1341473595,"upper_bound":1040450.2529065041},"point_estimate":1009127.1789567017,"standard_error":15016.161614377379},"StdDev":{"confidence_interval":{"confidence_level":0.95,"lower_bound":85738.96084619405,"upper_bound":165448.73498444493},"point_estimate":129419.2911915528,"standard_error":20297.36036308132}}