{"Mean":{"confidence_interval":{"confidence_level":0.95,"lower_bound":-0.04430025684855607,"upper_bound":-0.023013892768235724},"point_estimate":-0.03398018213601206,"standard_error":0.005503038036482253},"Median":{"confidence_interval":{"confidence_level":0.95,"lower_bound":-0.052152191519010408,"upper_bound":-0.03126611561469206},"point_estimate":-0.04094425117611,"standard_error":0.0052950127829461388}}