{"Mean":{"confidence_interval":{"confidence_level":0.95,"lower_bound":157.56398990864569,"upper_bound":162.70933462208843},"point_estimate":159.8453963364483,"standard_error":1.3238382787494918},"Median":{"confidence_interval":{"confidence_level":0.95,"lower_bound":155.69098809322274,"upper_bound":157.974425186637},"point_estimate":156.43740802958679,"standard_error":0.5321458848423502},"MedianAbsDev":{"confidence_interval":{"confidence_level":0.95,"lower_bound":3.248462118353517,"upper_bound":5.867740779913259},"point_estimate":4.1452493458003689,"standard_error":0.6302191047538048},"Slope":{"confidence_interval":{"confidence_level":0.95,"lower_bound":156.93910000504156,"upper_bound":161.1168180983494},"point_estimate":158.7586503167952,"standard_error":1.0744515422381927},"StdDev":{"confidence_interval":{"confidence_level":0.95,"lower_bound":6.171779864665913,"upper_bound":19.58705932096456},"point_estimate":13.264314024416084,"standard_error":3.525683615175557}}