{"Mean":{"confidence_interval":{"confidence_level":0.95,"lower_bound":-0.16843113469973934,"upper_bound":-0.11722942741177903},"point_estimate":-0.14273109446285993,"standard_error":0.013064706870743716},"Median":{"confidence_interval":{"confidence_level":0.95,"lower_bound":-0.15435918664978733,"upper_bound":-0.0840511185425884},"point_estimate":-0.11761097313495572,"standard_error":0.019740338636039777}}