{"Mean":{"confidence_interval":{"confidence_level":0.95,"lower_bound":-0.002894923518407695,"upper_bound":0.024089652532502907},"point_estimate":0.01054138346460265,"standard_error":0.006866618220203195},"Median":{"confidence_interval":{"confidence_level":0.95,"lower_bound":0.0013234322165212032,"upper_bound":0.01939822352061582},"point_estimate":0.009696671059848505,"standard_error":0.0045089383002478379}}