{"Mean":{"confidence_interval":{"confidence_level":0.95,"lower_bound":6.88231651919303,"upper_bound":7.149682417517768},"point_estimate":7.006600680184686,"standard_error":0.06822699477337052},"Median":{"confidence_interval":{"confidence_level":0.95,"lower_bound":6.760955252893254,"upper_bound":6.95411942256362},"point_estimate":6.809914943647024,"standard_error":0.05478306782817676},"MedianAbsDev":{"confidence_interval":{"confidence_level":0.95,"lower_bound":0.31367622850054308,"upper_bound":0.5387611449959999},"point_estimate":0.402827743405977,"standard_error":0.05718526612307167},"Slope":{"confidence_interval":{"confidence_level":0.95,"lower_bound":6.74004648138251,"upper_bound":7.0641275389936519},"point_estimate":6.8853618538625309,"standard_error":0.08297040801052619},"StdDev":{"confidence_interval":{"confidence_level":0.95,"lower_bound":0.438493757539687,"upper_bound":0.9344073494211211},"point_estimate":0.6887909565204391,"standard_error":0.12955398235624025}}