{"Mean":{"confidence_interval":{"confidence_level":0.95,"lower_bound":-0.20374027682993113,"upper_bound":-0.1562195910891812},"point_estimate":-0.17880254178254197,"standard_error":0.012159963572647162},"Median":{"confidence_interval":{"confidence_level":0.95,"lower_bound":-0.15054803822717437,"upper_bound":-0.13763770966172629},"point_estimate":-0.14358549626849949,"standard_error":0.0031927026799032115}}