{"Mean":{"confidence_interval":{"confidence_level":0.95,"lower_bound":3168.5574429156538,"upper_bound":3226.2967881328916},"point_estimate":3194.1782505281055,"standard_error":14.801318002888844},"Median":{"confidence_interval":{"confidence_level":0.95,"lower_bound":3164.620395890754,"upper_bound":3192.251715295585},"point_estimate":3177.4957731141405,"standard_error":7.074886280553132},"MedianAbsDev":{"confidence_interval":{"confidence_level":0.95,"lower_bound":52.762542177629388,"upper_bound":85.86344762509403},"point_estimate":68.3966491256942,"standard_error":8.878406388545193},"Slope":{"confidence_interval":{"confidence_level":0.95,"lower_bound":3183.1839708782156,"upper_bound":3227.550892234142},"point_estimate":3204.0419857047206,"standard_error":11.387910465246126},"StdDev":{"confidence_interval":{"confidence_level":0.95,"lower_bound":79.14586714995183,"upper_bound":222.35166014890189},"point_estimate":148.38693994639253,"standard_error":43.080928354155798}}