{"Mean":{"confidence_interval":{"confidence_level":0.95,"lower_bound":4705512.86497166,"upper_bound":4796891.905366847},"point_estimate":4749021.183350838,"standard_error":23275.080213182362},"Median":{"confidence_interval":{"confidence_level":0.95,"lower_bound":4639240.0,"upper_bound":4678302.083333334},"point_estimate":4654921.052631579,"standard_error":12843.372019161128},"MedianAbsDev":{"confidence_interval":{"confidence_level":0.95,"lower_bound":87474.85197642306,"upper_bound":160059.37515837796},"point_estimate":120242.3259354484,"standard_error":19551.29563067232},"Slope":{"confidence_interval":{"confidence_level":0.95,"lower_bound":4711344.14169783,"upper_bound":4813339.641816656},"point_estimate":4761646.2509236,"standard_error":26069.433785449182},"StdDev":{"confidence_interval":{"confidence_level":0.95,"lower_bound":179527.00943676564,"upper_bound":280039.2004699692},"point_estimate":234146.9529834537,"standard_error":25718.116481948797}}