{"Mean":{"confidence_interval":{"confidence_level":0.95,"lower_bound":45.54658077549952,"upper_bound":46.21679811876631},"point_estimate":45.85551556690774,"standard_error":0.17093888223967383},"Median":{"confidence_interval":{"confidence_level":0.95,"lower_bound":45.33319901274366,"upper_bound":45.99576115216069},"point_estimate":45.6567895242151,"standard_error":0.16123572098289166},"MedianAbsDev":{"confidence_interval":{"confidence_level":0.95,"lower_bound":0.7978323469260611,"upper_bound":1.2741882171967507},"point_estimate":1.033381597300918,"standard_error":0.12114504447988479},"Slope":{"confidence_interval":{"confidence_level":0.95,"lower_bound":45.66390763866385,"upper_bound":46.19895814712671},"point_estimate":45.91643987475225,"standard_error":0.1366108010173282},"StdDev":{"confidence_interval":{"confidence_level":0.95,"lower_bound":1.0538005220167009,"upper_bound":2.4227092903068407},"point_estimate":1.71755812936655,"standard_error":0.37754936157642696}}