{"Mean":{"confidence_interval":{"confidence_level":0.95,"lower_bound":-0.07806675723270279,"upper_bound":-0.05212545488163299},"point_estimate":-0.06577904515733013,"standard_error":0.006603290041785271},"Median":{"confidence_interval":{"confidence_level":0.95,"lower_bound":-0.07303474487360173,"upper_bound":-0.05344322344322339},"point_estimate":-0.06431543581423771,"standard_error":0.005058130710686149}}