{"Mean":{"confidence_interval":{"confidence_level":0.95,"lower_bound":7549731.446920871,"upper_bound":7728421.611922786},"point_estimate":7635934.20136132,"standard_error":45801.320468437254},"Median":{"confidence_interval":{"confidence_level":0.95,"lower_bound":7389903.9215686279,"upper_bound":7497875.0},"point_estimate":7459441.216216216,"standard_error":28493.965165593443},"MedianAbsDev":{"confidence_interval":{"confidence_level":0.95,"lower_bound":150879.70456116883,"upper_bound":298171.94105863748},"point_estimate":232015.31785565956,"standard_error":37523.55586608085},"Slope":{"confidence_interval":{"confidence_level":0.95,"lower_bound":7477554.390801033,"upper_bound":7618691.125220037},"point_estimate":7541403.431358061,"standard_error":36095.24921429946},"StdDev":{"confidence_interval":{"confidence_level":0.95,"lower_bound":368646.1832953543,"upper_bound":533925.2846760925},"point_estimate":460765.0695920213,"standard_error":42297.2861215669}}