{"Mean":{"confidence_interval":{"confidence_level":0.95,"lower_bound":16.68786560440213,"upper_bound":16.893088833526478},"point_estimate":16.786319066932788,"standard_error":0.052257231966945757},"Median":{"confidence_interval":{"confidence_level":0.95,"lower_bound":16.69004167099537,"upper_bound":16.86143169391592},"point_estimate":16.745015141420717,"standard_error":0.045479523179089108},"MedianAbsDev":{"confidence_interval":{"confidence_level":0.95,"lower_bound":0.2798048032844931,"upper_bound":0.4633337031726653},"point_estimate":0.3603688724810248,"standard_error":0.04509576590735781},"Slope":{"confidence_interval":{"confidence_level":0.95,"lower_bound":16.759221361337276,"upper_bound":16.868479291813487},"point_estimate":16.814563273132405,"standard_error":0.027861279767546},"StdDev":{"confidence_interval":{"confidence_level":0.95,"lower_bound":0.36519839649319199,"upper_bound":0.6757805783135019},"point_estimate":0.5241905748972251,"standard_error":0.08022251019220488}}