{"Mean":{"confidence_interval":{"confidence_level":0.95,"lower_bound":45057.62619522,"upper_bound":46830.98137600859},"point_estimate":45860.620859144234,"standard_error":454.9077483490887},"Median":{"confidence_interval":{"confidence_level":0.95,"lower_bound":44206.866439930134,"upper_bound":45277.22720268945},"point_estimate":44517.3630717109,"standard_error":317.7063376353947},"MedianAbsDev":{"confidence_interval":{"confidence_level":0.95,"lower_bound":1420.3490502845323,"upper_bound":2510.7546803055745},"point_estimate":1904.3741041216338,"standard_error":267.7173481297426},"Slope":{"confidence_interval":{"confidence_level":0.95,"lower_bound":43870.80532438406,"upper_bound":45085.706024666506},"point_estimate":44417.3667665274,"standard_error":310.9244198685215},"StdDev":{"confidence_interval":{"confidence_level":0.95,"lower_bound":2547.1090569061386,"upper_bound":6280.1175392513409},"point_estimate":4570.622533886377,"standard_error":962.2606659867932}}