{"Mean":{"confidence_interval":{"confidence_level":0.95,"lower_bound":1656.109636307763,"upper_bound":1716.7741684840574},"point_estimate":1684.1952138962523,"standard_error":15.601310302513899},"Median":{"confidence_interval":{"confidence_level":0.95,"lower_bound":1629.3024213413333,"upper_bound":1662.5358544685992},"point_estimate":1641.1306129722025,"standard_error":8.70313593824932},"MedianAbsDev":{"confidence_interval":{"confidence_level":0.95,"lower_bound":45.35049168522421,"upper_bound":70.55727718739118},"point_estimate":57.52237216717966,"standard_error":6.347389553716132},"Slope":{"confidence_interval":{"confidence_level":0.95,"lower_bound":1666.7357971494462,"upper_bound":1744.695230460214},"point_estimate":1701.946825279543,"standard_error":19.97748987683723},"StdDev":{"confidence_interval":{"confidence_level":0.95,"lower_bound":94.6652296479195,"upper_bound":205.969553412508},"point_estimate":157.0456145160536,"standard_error":28.44264098727721}}