{"Mean":{"confidence_interval":{"confidence_level":0.95,"lower_bound":132.26377876072719,"upper_bound":134.15771841515773},"point_estimate":133.15358386622723,"standard_error":0.48289111870775677},"Median":{"confidence_interval":{"confidence_level":0.95,"lower_bound":132.0267131242741,"upper_bound":133.39094076655054},"point_estimate":132.78030135294189,"standard_error":0.378095597188663},"MedianAbsDev":{"confidence_interval":{"confidence_level":0.95,"lower_bound":1.833664758547458,"upper_bound":3.7288330062338974},"point_estimate":2.6403553859347386,"standard_error":0.4905354435182493},"Slope":{"confidence_interval":{"confidence_level":0.95,"lower_bound":132.51666525662768,"upper_bound":133.4861804648531},"point_estimate":133.00117633792608,"standard_error":0.24671759409946784},"StdDev":{"confidence_interval":{"confidence_level":0.95,"lower_bound":3.1612054979309676,"upper_bound":6.5040906633354009},"point_estimate":4.854799442250298,"standard_error":0.8722923584180571}}