{"Mean":{"confidence_interval":{"confidence_level":0.95,"lower_bound":12717217.917199249,"upper_bound":12920267.397075508},"point_estimate":12816133.466149103,"standard_error":51709.38286781748},"Median":{"confidence_interval":{"confidence_level":0.95,"lower_bound":12610812.550120289,"upper_bound":12818200.0},"point_estimate":12711336.66061706,"standard_error":55223.862308063675},"MedianAbsDev":{"confidence_interval":{"confidence_level":0.95,"lower_bound":333586.93211686427,"upper_bound":565735.8867916236},"point_estimate":441092.4998613511,"standard_error":55695.46934020076},"Slope":{"confidence_interval":{"confidence_level":0.95,"lower_bound":12612939.207564285,"upper_bound":12823638.679493165},"point_estimate":12712233.666321857,"standard_error":53796.68081908951},"StdDev":{"confidence_interval":{"confidence_level":0.95,"lower_bound":430818.8120932351,"upper_bound":596118.6963025306},"point_estimate":518451.30771371899,"standard_error":42355.29304978211}}