{"Mean":{"confidence_interval":{"confidence_level":0.95,"lower_bound":-0.3290728213122129,"upper_bound":-0.303254168673296},"point_estimate":-0.3161962381671626,"standard_error":0.006540546132729669},"Median":{"confidence_interval":{"confidence_level":0.95,"lower_bound":-0.3160463813824024,"upper_bound":-0.30447866033667406},"point_estimate":-0.3087923378214492,"standard_error":0.003125556534775338}}