{"Mean":{"confidence_interval":{"confidence_level":0.95,"lower_bound":-0.3168118079181137,"upper_bound":-0.2872183698204174},"point_estimate":-0.30177159099690289,"standard_error":0.00752517264526255},"Median":{"confidence_interval":{"confidence_level":0.95,"lower_bound":-0.3001440763929759,"upper_bound":-0.27824661150837079},"point_estimate":-0.28882379512682768,"standard_error":0.005525338692478295}}