{"Mean":{"confidence_interval":{"confidence_level":0.95,"lower_bound":-0.18249297122595577,"upper_bound":-0.16723442539435577},"point_estimate":-0.17482595585984996,"standard_error":0.00387960915774682},"Median":{"confidence_interval":{"confidence_level":0.95,"lower_bound":-0.18229418587113123,"upper_bound":-0.16846311850092789},"point_estimate":-0.1753982392840644,"standard_error":0.0037173709301657447}}