{"Mean":{"confidence_interval":{"confidence_level":0.95,"lower_bound":12783057.729229538,"upper_bound":12932832.965033595},"point_estimate":12849355.536507028,"standard_error":38692.70283291252},"Median":{"confidence_interval":{"confidence_level":0.95,"lower_bound":12720141.984359727,"upper_bound":12774183.005617977},"point_estimate":12734891.979949875,"standard_error":14217.805435454233},"MedianAbsDev":{"confidence_interval":{"confidence_level":0.95,"lower_bound":78873.05142023583,"upper_bound":140476.6332470135},"point_estimate":100300.74326261123,"standard_error":16870.841111422422},"Slope":{"confidence_interval":{"confidence_level":0.95,"lower_bound":12771128.506796079,"upper_bound":12944876.596566514},"point_estimate":12849399.246342546,"standard_error":44745.08832956625},"StdDev":{"confidence_interval":{"confidence_level":0.95,"lower_bound":191096.22529431157,"upper_bound":585508.3769815669},"point_estimate":390313.3046676448,"standard_error":113408.6935413627}}