{"Mean":{"confidence_interval":{"confidence_level":0.95,"lower_bound":-0.016905371874991673,"upper_bound":0.01934383336175914},"point_estimate":0.0015961172878795616,"standard_error":0.009274971020144496},"Median":{"confidence_interval":{"confidence_level":0.95,"lower_bound":0.00717545945515119,"upper_bound":0.029144073343631006},"point_estimate":0.018945049447798957,"standard_error":0.005787280194487367}}