{"Mean":{"confidence_interval":{"confidence_level":0.95,"lower_bound":9.02838140738399,"upper_bound":9.145827219484663},"point_estimate":9.084489085540718,"standard_error":0.030012196802052614},"Median":{"confidence_interval":{"confidence_level":0.95,"lower_bound":8.979119456259945,"upper_bound":9.101579790679454},"point_estimate":9.028744070165399,"standard_error":0.03368083487899143},"MedianAbsDev":{"confidence_interval":{"confidence_level":0.95,"lower_bound":0.17587104507406177,"upper_bound":0.2691489609278961},"point_estimate":0.20997952605489199,"standard_error":0.023860619253002155},"Slope":{"confidence_interval":{"confidence_level":0.95,"lower_bound":9.009314270293404,"upper_bound":9.116026950740464},"point_estimate":9.05804553811662,"standard_error":0.02727175630936123},"StdDev":{"confidence_interval":{"confidence_level":0.95,"lower_bound":0.2243049931236615,"upper_bound":0.3697822432674481},"point_estimate":0.3014811662202252,"standard_error":0.03724835358938891}}