{"Mean":{"confidence_interval":{"confidence_level":0.95,"lower_bound":-0.11848566159215575,"upper_bound":-0.0877562052737242},"point_estimate":-0.10231286369210424,"standard_error":0.007846511102050728},"Median":{"confidence_interval":{"confidence_level":0.95,"lower_bound":-0.1061934011706922,"upper_bound":-0.07210115985843968},"point_estimate":-0.08720695658383204,"standard_error":0.008585538133970773}}