{"Mean":{"confidence_interval":{"confidence_level":0.95,"lower_bound":-0.06978108752236947,"upper_bound":-0.03343310262142927},"point_estimate":-0.05100057748066966,"standard_error":0.009248479989162879},"Median":{"confidence_interval":{"confidence_level":0.95,"lower_bound":-0.03743835876467938,"upper_bound":-0.022904313077992123},"point_estimate":-0.028972255374498658,"standard_error":0.003728292056157206}}