{"Mean":{"confidence_interval":{"confidence_level":0.95,"lower_bound":8714.472067333918,"upper_bound":8908.959413587909},"point_estimate":8791.274491832028,"standard_error":51.42898188094965},"Median":{"confidence_interval":{"confidence_level":0.95,"lower_bound":8731.306912915225,"upper_bound":8791.4910440045},"point_estimate":8755.396616362605,"standard_error":16.198222215199409},"MedianAbsDev":{"confidence_interval":{"confidence_level":0.95,"lower_bound":134.64763035289099,"upper_bound":209.07398790440264},"point_estimate":162.91984294194215,"standard_error":19.57334582115266},"Slope":{"confidence_interval":{"confidence_level":0.95,"lower_bound":8726.499075127578,"upper_bound":8975.475416645206},"point_estimate":8818.245938449347,"standard_error":67.82245178951095},"StdDev":{"confidence_interval":{"confidence_level":0.95,"lower_bound":159.39435564908903,"upper_bound":851.6789830207772},"point_estimate":515.7341733831929,"standard_error":230.56777048509245}}