{"Mean":{"confidence_interval":{"confidence_level":0.95,"lower_bound":-0.045133413144562099,"upper_bound":-0.003079330061779554},"point_estimate":-0.023584724853558005,"standard_error":0.01071489083731426},"Median":{"confidence_interval":{"confidence_level":0.95,"lower_bound":-0.013763764229750453,"upper_bound":0.004352381764028523},"point_estimate":-0.004845294769726505,"standard_error":0.004510178420644034}}