{"Mean":{"confidence_interval":{"confidence_level":0.95,"lower_bound":30.301696292086665,"upper_bound":30.671099651370534},"point_estimate":30.484475314571978,"standard_error":0.09396431542947118},"Median":{"confidence_interval":{"confidence_level":0.95,"lower_bound":30.31555889002802,"upper_bound":30.56968334636435},"point_estimate":30.461663385363189,"standard_error":0.06596998033425528},"MedianAbsDev":{"confidence_interval":{"confidence_level":0.95,"lower_bound":0.4173072638970241,"upper_bound":0.6927501879667565},"point_estimate":0.5341093170442681,"standard_error":0.07006603501588478},"Slope":{"confidence_interval":{"confidence_level":0.95,"lower_bound":30.436644739702048,"upper_bound":30.717312402684028},"point_estimate":30.56817871487591,"standard_error":0.07178337625028474},"StdDev":{"confidence_interval":{"confidence_level":0.95,"lower_bound":0.7320632713679941,"upper_bound":1.1407005586999979},"point_estimate":0.9457928697262925,"standard_error":0.10465467222199633}}