{"Mean":{"confidence_interval":{"confidence_level":0.95,"lower_bound":77.10504866833273,"upper_bound":81.5097263157156},"point_estimate":79.10423807429352,"standard_error":1.1249740149488255},"Median":{"confidence_interval":{"confidence_level":0.95,"lower_bound":75.12302408876166,"upper_bound":76.0885318550475},"point_estimate":75.65821978714702,"standard_error":0.23817123039776906},"MedianAbsDev":{"confidence_interval":{"confidence_level":0.95,"lower_bound":1.4754758029948683,"upper_bound":2.8858451954183015},"point_estimate":2.047442859782814,"standard_error":0.34999294375168896},"Slope":{"confidence_interval":{"confidence_level":0.95,"lower_bound":76.23024433972573,"upper_bound":80.24903974845739},"point_estimate":77.95233701485243,"standard_error":1.0374400484226714},"StdDev":{"confidence_interval":{"confidence_level":0.95,"lower_bound":6.340526098354163,"upper_bound":15.426079687280929},"point_estimate":11.334087832039334,"standard_error":2.325235051474844}}