{"Mean":{"confidence_interval":{"confidence_level":0.95,"lower_bound":-0.039171859065906627,"upper_bound":-0.01541319132711973},"point_estimate":-0.027453420976739974,"standard_error":0.006053074780647319},"Median":{"confidence_interval":{"confidence_level":0.95,"lower_bound":-0.026921584949994166,"upper_bound":-0.0064712618851633378},"point_estimate":-0.018462977671835358,"standard_error":0.005390269023522864}}