{"Mean":{"confidence_interval":{"confidence_level":0.95,"lower_bound":63.48611800792239,"upper_bound":65.51775442798663},"point_estimate":64.43553305819083,"standard_error":0.5190425074796137},"Median":{"confidence_interval":{"confidence_level":0.95,"lower_bound":62.722753084676487,"upper_bound":63.23287905804648},"point_estimate":62.93189083431814,"standard_error":0.1456265922208794},"MedianAbsDev":{"confidence_interval":{"confidence_level":0.95,"lower_bound":1.004081361070323,"upper_bound":1.6790505581385445},"point_estimate":1.3024932199956388,"standard_error":0.17370459239639927},"Slope":{"confidence_interval":{"confidence_level":0.95,"lower_bound":63.469103254112649,"upper_bound":65.44279583109453},"point_estimate":64.37432652256949,"standard_error":0.504891288097726},"StdDev":{"confidence_interval":{"confidence_level":0.95,"lower_bound":3.461108339342002,"upper_bound":6.633180471346249},"point_estimate":5.219044124395798,"standard_error":0.8105333330974173}}