{"Mean":{"confidence_interval":{"confidence_level":0.95,"lower_bound":97087.40199325347,"upper_bound":103344.53862073172},"point_estimate":99987.4008868859,"standard_error":1599.2711182653707},"Median":{"confidence_interval":{"confidence_level":0.95,"lower_bound":94136.36363636363,"upper_bound":95371.07843137255},"point_estimate":94702.76315789475,"standard_error":361.5264505154361},"MedianAbsDev":{"confidence_interval":{"confidence_level":0.95,"lower_bound":2077.8911264101736,"upper_bound":4013.879652809012},"point_estimate":2896.142001214793,"standard_error":520.8767944253215},"Slope":{"confidence_interval":{"confidence_level":0.95,"lower_bound":97014.58349152618,"upper_bound":107587.70518713657},"point_estimate":101791.0338406975,"standard_error":2724.425063285093},"StdDev":{"confidence_interval":{"confidence_level":0.95,"lower_bound":10286.909712249175,"upper_bound":20987.795866895813},"point_estimate":16136.010034247363,"standard_error":2734.6987284741487}}