{"Mean":{"confidence_interval":{"confidence_level":0.95,"lower_bound":36.59831411022185,"upper_bound":40.79741062342086},"point_estimate":38.47481016715251,"standard_error":1.0748614105318948},"Median":{"confidence_interval":{"confidence_level":0.95,"lower_bound":35.28732718332997,"upper_bound":36.52605424025525},"point_estimate":35.77128513000334,"standard_error":0.31225360832271328},"MedianAbsDev":{"confidence_interval":{"confidence_level":0.95,"lower_bound":1.6130245520531144,"upper_bound":2.8225963468823198},"point_estimate":2.0804368690746037,"standard_error":0.3197885153204729},"Slope":{"confidence_interval":{"confidence_level":0.95,"lower_bound":35.94669740678089,"upper_bound":36.78929110566576},"point_estimate":36.36741426354007,"standard_error":0.2140100785350572},"StdDev":{"confidence_interval":{"confidence_level":0.95,"lower_bound":4.883593793367979,"upper_bound":15.082493673325125},"point_estimate":10.768718032032272,"standard_error":2.5744157855345417}}