{"Mean":{"confidence_interval":{"confidence_level":0.95,"lower_bound":-0.39595440808972817,"upper_bound":-0.33895742830447508},"point_estimate":-0.36702075293496186,"standard_error":0.01460584261760569},"Median":{"confidence_interval":{"confidence_level":0.95,"lower_bound":-0.31639725854564629,"upper_bound":-0.30121893866398399},"point_estimate":-0.3074955128302407,"standard_error":0.0039020304587412378}}