{"Mean":{"confidence_interval":{"confidence_level":0.95,"lower_bound":152.3144426285072,"upper_bound":160.9100240624911},"point_estimate":156.0762125198706,"standard_error":2.212144475227077},"Median":{"confidence_interval":{"confidence_level":0.95,"lower_bound":149.7250409236367,"upper_bound":152.20661985957873},"point_estimate":151.09117862847803,"standard_error":0.6920045419267135},"MedianAbsDev":{"confidence_interval":{"confidence_level":0.95,"lower_bound":3.601507596694154,"upper_bound":7.030706000271492},"point_estimate":5.10166991556575,"standard_error":0.9411438550103758},"Slope":{"confidence_interval":{"confidence_level":0.95,"lower_bound":151.11839311249694,"upper_bound":155.49842747794774},"point_estimate":152.9075058286529,"standard_error":1.134238641974681},"StdDev":{"confidence_interval":{"confidence_level":0.95,"lower_bound":8.934348825559342,"upper_bound":32.6542673595918},"point_estimate":22.218558377362496,"standard_error":6.0949518781628539}}