{"Mean":{"confidence_interval":{"confidence_level":0.95,"lower_bound":899265.0741107955,"upper_bound":905739.5548303258},"point_estimate":902531.2904386836,"standard_error":1652.1227447370123},"Median":{"confidence_interval":{"confidence_level":0.95,"lower_bound":899123.8636363637,"upper_bound":907554.0540540541},"point_estimate":903616.4115923152,"standard_error":1983.3277398906169},"MedianAbsDev":{"confidence_interval":{"confidence_level":0.95,"lower_bound":12346.658396483339,"upper_bound":19112.346151975777},"point_estimate":16446.63488042769,"standard_error":1756.6431623054148},"Slope":{"confidence_interval":{"confidence_level":0.95,"lower_bound":901166.1451140405,"upper_bound":908390.1521256233},"point_estimate":904529.057189301,"standard_error":1842.5043290135293},"StdDev":{"confidence_interval":{"confidence_level":0.95,"lower_bound":13453.142776242732,"upper_bound":19743.789942401665},"point_estimate":16570.972655345413,"standard_error":1619.7049906269515}}