{"Mean":{"confidence_interval":{"confidence_level":0.95,"lower_bound":1071.5859755374139,"upper_bound":1104.8397468292547},"point_estimate":1086.822785117409,"standard_error":8.500847687451895},"Median":{"confidence_interval":{"confidence_level":0.95,"lower_bound":1055.8482613277134,"upper_bound":1071.1899762768249},"point_estimate":1065.387141594038,"standard_error":4.468224694857877},"MedianAbsDev":{"confidence_interval":{"confidence_level":0.95,"lower_bound":19.35214601550633,"upper_bound":35.89185823523915},"point_estimate":24.667540820804939,"standard_error":3.983068275064869},"Slope":{"confidence_interval":{"confidence_level":0.95,"lower_bound":1067.968033083008,"upper_bound":1118.5419275074547},"point_estimate":1090.2445026526598,"standard_error":13.028767488836519},"StdDev":{"confidence_interval":{"confidence_level":0.95,"lower_bound":49.178673166483687,"upper_bound":115.09625093115014},"point_estimate":85.59853040082537,"standard_error":16.716888782091073}}