{"Mean":{"confidence_interval":{"confidence_level":0.95,"lower_bound":184.65043716016815,"upper_bound":194.82394079890887},"point_estimate":189.54230309736014,"standard_error":2.6055332289984447},"Median":{"confidence_interval":{"confidence_level":0.95,"lower_bound":173.5948125413733,"upper_bound":188.14357695022077},"point_estimate":180.52961760472437,"standard_error":4.0026633072309159},"MedianAbsDev":{"confidence_interval":{"confidence_level":0.95,"lower_bound":10.563915731481961,"upper_bound":26.995714844348666},"point_estimate":18.187069052945888,"standard_error":4.619990405735106},"Slope":{"confidence_interval":{"confidence_level":0.95,"lower_bound":175.20015058449247,"upper_bound":182.16204844633868},"point_estimate":178.34990185930668,"standard_error":1.7759314934207498},"StdDev":{"confidence_interval":{"confidence_level":0.95,"lower_bound":20.44322236321454,"upper_bound":31.581816620433295},"point_estimate":26.176608706585058,"standard_error":2.8665112960363916}}