{"Mean":{"confidence_interval":{"confidence_level":0.95,"lower_bound":-0.030207046791106586,"upper_bound":-0.002543837440113316},"point_estimate":-0.017712941258783755,"standard_error":0.007005383656997228},"Median":{"confidence_interval":{"confidence_level":0.95,"lower_bound":-0.025404768170197879,"upper_bound":-0.009919919063380965},"point_estimate":-0.01674308458584417,"standard_error":0.004123386129037735}}