{"Mean":{"confidence_interval":{"confidence_level":0.95,"lower_bound":742247.0404604512,"upper_bound":764512.3095942348},"point_estimate":752601.0984352875,"standard_error":5684.179283694409},"Median":{"confidence_interval":{"confidence_level":0.95,"lower_bound":728616.4383561644,"upper_bound":739315.7894736842},"point_estimate":734151.7857142857,"standard_error":3110.513233175999},"MedianAbsDev":{"confidence_interval":{"confidence_level":0.95,"lower_bound":16229.963855636073,"upper_bound":30452.28742121444},"point_estimate":22948.43461811411,"standard_error":3808.0671861492417},"Slope":{"confidence_interval":{"confidence_level":0.95,"lower_bound":732631.7322408754,"upper_bound":756709.7073815882},"point_estimate":743719.4857396188,"standard_error":6171.598808820476},"StdDev":{"confidence_interval":{"confidence_level":0.95,"lower_bound":38392.76236201162,"upper_bound":74182.49114545851},"point_estimate":57052.686228339575,"standard_error":9207.130659083925}}