{"Mean":{"confidence_interval":{"confidence_level":0.95,"lower_bound":1191.401460009001,"upper_bound":1281.3872454314963},"point_estimate":1233.6651251034842,"standard_error":23.015004305362749},"Median":{"confidence_interval":{"confidence_level":0.95,"lower_bound":1129.5754336853714,"upper_bound":1142.7664199002239},"point_estimate":1136.0476589236728,"standard_error":3.447748860640749},"MedianAbsDev":{"confidence_interval":{"confidence_level":0.95,"lower_bound":23.142767593724604,"upper_bound":58.49737754060337},"point_estimate":35.98623282956342,"standard_error":8.453230822247154},"Slope":{"confidence_interval":{"confidence_level":0.95,"lower_bound":1212.3444747241873,"upper_bound":1329.73667282655},"point_estimate":1266.9939295521224,"standard_error":30.01031089458187},"StdDev":{"confidence_interval":{"confidence_level":0.95,"lower_bound":159.41576433696774,"upper_bound":292.07162775780668},"point_estimate":231.44427516867015,"standard_error":33.919742490486658}}