{"Mean":{"confidence_interval":{"confidence_level":0.95,"lower_bound":36521.276859862235,"upper_bound":37494.65876331906},"point_estimate":36930.069899661496,"standard_error":253.404007357218},"Median":{"confidence_interval":{"confidence_level":0.95,"lower_bound":36442.039959615286,"upper_bound":36870.76438140268},"point_estimate":36722.80092592593,"standard_error":117.99875074416633},"MedianAbsDev":{"confidence_interval":{"confidence_level":0.95,"lower_bound":560.5866248653815,"upper_bound":891.8484445127433},"point_estimate":728.7788373702351,"standard_error":83.69345236968492},"Slope":{"confidence_interval":{"confidence_level":0.95,"lower_bound":36639.34965947239,"upper_bound":37110.64705383844},"point_estimate":36836.71236775419,"standard_error":121.40821161903725},"StdDev":{"confidence_interval":{"confidence_level":0.95,"lower_bound":913.7805788715564,"upper_bound":4062.7218936699748},"point_estimate":2557.3912495755964,"standard_error":942.5258137022955}}