{"Mean":{"confidence_interval":{"confidence_level":0.95,"lower_bound":6.280255718173289,"upper_bound":6.632923944249885},"point_estimate":6.439244470726893,"standard_error":0.0907690258440489},"Median":{"confidence_interval":{"confidence_level":0.95,"lower_bound":6.1231618604269839,"upper_bound":6.184255780299933},"point_estimate":6.151981590979391,"standard_error":0.01753619524439487},"MedianAbsDev":{"confidence_interval":{"confidence_level":0.95,"lower_bound":0.09460613325788135,"upper_bound":0.20365117979791706},"point_estimate":0.15014937627698586,"standard_error":0.02947140590849375},"Slope":{"confidence_interval":{"confidence_level":0.95,"lower_bound":6.26777733430988,"upper_bound":6.606031800342202},"point_estimate":6.425064033785062,"standard_error":0.08663074531259982},"StdDev":{"confidence_interval":{"confidence_level":0.95,"lower_bound":0.51045630159163,"upper_bound":1.297153491333945},"point_estimate":0.9115375911441771,"standard_error":0.21110228808168159}}