{"Mean":{"confidence_interval":{"confidence_level":0.95,"lower_bound":30.587940027901614,"upper_bound":30.881784225063965},"point_estimate":30.732104796768338,"standard_error":0.07495673801117844},"Median":{"confidence_interval":{"confidence_level":0.95,"lower_bound":30.50751720934161,"upper_bound":30.701331150421756},"point_estimate":30.585100359804728,"standard_error":0.05657097696802265},"MedianAbsDev":{"confidence_interval":{"confidence_level":0.95,"lower_bound":0.35059400240137786,"upper_bound":0.7767136291218351},"point_estimate":0.5266488884076193,"standard_error":0.10439448380425871},"Slope":{"confidence_interval":{"confidence_level":0.95,"lower_bound":30.47985845035814,"upper_bound":30.68164038340468},"point_estimate":30.577763046986637,"standard_error":0.05144685498323616},"StdDev":{"confidence_interval":{"confidence_level":0.95,"lower_bound":0.6270856465763527,"upper_bound":0.8608813837476584},"point_estimate":0.7522319896994725,"standard_error":0.05973417378483552}}