{"Mean":{"confidence_interval":{"confidence_level":0.95,"lower_bound":2227.4965890221139,"upper_bound":2258.837274562849},"point_estimate":2242.2492572227044,"standard_error":8.005026822577202},"Median":{"confidence_interval":{"confidence_level":0.95,"lower_bound":2215.1374859708196,"upper_bound":2240.841056573815},"point_estimate":2228.6086309523809,"standard_error":5.647383246056799},"MedianAbsDev":{"confidence_interval":{"confidence_level":0.95,"lower_bound":34.361284809421288,"upper_bound":59.11385964391934},"point_estimate":49.38479969304506,"standard_error":5.979644575140681},"Slope":{"confidence_interval":{"confidence_level":0.95,"lower_bound":2223.4516506997435,"upper_bound":2267.103260257653},"point_estimate":2240.5774004017318,"standard_error":11.610728152133655},"StdDev":{"confidence_interval":{"confidence_level":0.95,"lower_bound":54.78289839634774,"upper_bound":104.59158053399058},"point_estimate":80.4225101136114,"standard_error":12.809540451831375}}