{"Mean":{"confidence_interval":{"confidence_level":0.95,"lower_bound":4755271.993276656,"upper_bound":4846668.952721631},"point_estimate":4799082.43672606,"standard_error":23293.553524828378},"Median":{"confidence_interval":{"confidence_level":0.95,"lower_bound":4671519.48051948,"upper_bound":4739750.0},"point_estimate":4700058.290888512,"standard_error":16620.28587020259},"MedianAbsDev":{"confidence_interval":{"confidence_level":0.95,"lower_bound":77374.03923688356,"upper_bound":173711.97576214985},"point_estimate":118894.79306080692,"standard_error":25741.71991591715},"Slope":{"confidence_interval":{"confidence_level":0.95,"lower_bound":4667277.843596421,"upper_bound":4714741.16634883},"point_estimate":4688109.504950495,"standard_error":12097.117888821977},"StdDev":{"confidence_interval":{"confidence_level":0.95,"lower_bound":178197.3649107137,"upper_bound":286699.16508332596},"point_estimate":234259.67379416005,"standard_error":27813.13665189189}}