{"Mean":{"confidence_interval":{"confidence_level":0.95,"lower_bound":-0.31944873157839717,"upper_bound":-0.2738279074565962},"point_estimate":-0.2952333409576242,"standard_error":0.011679390581469105},"Median":{"confidence_interval":{"confidence_level":0.95,"lower_bound":-0.27221072307272078,"upper_bound":-0.253828536120594},"point_estimate":-0.26340878290348848,"standard_error":0.004666596520964906}}