{"Mean":{"confidence_interval":{"confidence_level":0.95,"lower_bound":-0.19530898764947053,"upper_bound":-0.15065731892324023},"point_estimate":-0.17295424085061429,"standard_error":0.011414827221970854},"Median":{"confidence_interval":{"confidence_level":0.95,"lower_bound":-0.17859241268611993,"upper_bound":-0.14898547019467257},"point_estimate":-0.16462791824740254,"standard_error":0.007582313490629661}}