{"Mean":{"confidence_interval":{"confidence_level":0.95,"lower_bound":-0.08138741840713046,"upper_bound":-0.057512993202367589},"point_estimate":-0.06972455753744611,"standard_error":0.006097193871578229},"Median":{"confidence_interval":{"confidence_level":0.95,"lower_bound":-0.08197413106718166,"upper_bound":-0.057296309471833017},"point_estimate":-0.07040123858009417,"standard_error":0.006339566796090233}}