{"Mean":{"confidence_interval":{"confidence_level":0.95,"lower_bound":-0.333145167489238,"upper_bound":-0.3025755840214923},"point_estimate":-0.31814079108108297,"standard_error":0.007744455016797735},"Median":{"confidence_interval":{"confidence_level":0.95,"lower_bound":-0.32148676178552118,"upper_bound":-0.30579773059056217},"point_estimate":-0.31418179912722479,"standard_error":0.0038000334282359078}}