{"Mean":{"confidence_interval":{"confidence_level":0.95,"lower_bound":742224.9277505699,"upper_bound":752372.6785550388},"point_estimate":746716.2934822308,"standard_error":2605.3008322544135},"Median":{"confidence_interval":{"confidence_level":0.95,"lower_bound":741694.5465686275,"upper_bound":747223.3094603599},"point_estimate":744377.9137529137,"standard_error":1435.1409947746006},"MedianAbsDev":{"confidence_interval":{"confidence_level":0.95,"lower_bound":9333.402893122577,"upper_bound":14600.823206787023},"point_estimate":11278.411426500488,"standard_error":1355.3559750629468},"Slope":{"confidence_interval":{"confidence_level":0.95,"lower_bound":743904.7490676643,"upper_bound":760067.8270478837},"point_estimate":750143.375203192,"standard_error":4302.380271997943},"StdDev":{"confidence_interval":{"confidence_level":0.95,"lower_bound":13530.999845092225,"upper_bound":39138.090717943305},"point_estimate":26135.837757482954,"standard_error":7516.736045484331}}